Workbook

Sheet 제안서
A1: 자산배분 제안서 | H1: =IFERROR(VALUE(LEFT($B$11,1)),3)
A2: 미래에셋증권 | H2: =IF($B$13<>"▶ 조회 실행","",$H$1&"|"&CHOOSE(MATCH($B$10,{"1년 이내","3년","5년","5년 초과"},0),1,3,5,10))
H3: =IF(SUM($I19:$I25)=0,"",SUMPRODUCT($I19:$I25,$G19:$G25)/SUM($I19:$I25))
H4: =IF(ISNUMBER($G25),$G25,0)
H5: =IF(OR($H$3="",$B$12="",$H$3<=$H$4),"",MEDIAN(0,($B$12-$H$4)/($H$3-$H$4),1))
A6: 1 | B6: 조회 조건
A8: 고객명
A9: 투자금액 (만원) | B9: 10000
A10: 투자기간 | B10: 5년 초과
A11: 위험성향 | B11: 3 위험중립형
A12: 목표 연수익률 (%)
A13: 조회 | B13: ▶ 조회 실행 | C13: ← 조건을 고친 뒤 이 칸에서 「▶ 조회 실행」을 고르십시오. 「… 조건 입력 중」로 두면 표가 비워집니다.
A16: 2 | B16: 제안 배분
A18: 자산군 | B18: 제안 비중 | C18: 조정 비중 | D18: 쓰는 비중 | E18: 금액(만원) | F18: 과거 1년(중앙) | G18: 기대수익률 (가정)
A19: 국내주식 | B19: =IFERROR(INDEX(배분규칙!$D$4:$J$23,MATCH($H$2,배분규칙!$A$4:$A$23,0),MATCH($A19,배분규칙!$D$3:$J$3,0)),"") | D19: =IF($C19="",IF(ISNUMBER($B19),$B19,0),$C19) | E19: =$B$9*$D19 | F19: =IFERROR(INDEX(자산군!$D$7:$D$13,MATCH($A19,자산군!$A$7:$A$13,0)),"—") | G19: 0.0781 | H19: =IF(ISNUMBER($F19),$F19,0) | I19: =IF(AND($A19<>"현금",ISNUMBER($G19)),5,0)
A20: 해외주식 | B20: =IFERROR(INDEX(배분규칙!$D$4:$J$23,MATCH($H$2,배분규칙!$A$4:$A$23,0),MATCH($A20,배분규칙!$D$3:$J$3,0)),"") | D20: =IF($C20="",IF(ISNUMBER($B20),$B20,0),$C20) | E20: =$B$9*$D20 | F20: =IFERROR(INDEX(자산군!$D$7:$D$13,MATCH($A20,자산군!$A$7:$A$13,0)),"—") | G20: 0.0781 | H20: =IF(ISNUMBER($F20),$F20,0) | I20: =IF(AND($A20<>"현금",ISNUMBER($G20)),10,0)
A21: 국내ETF | B21: =IFERROR(INDEX(배분규칙!$D$4:$J$23,MATCH($H$2,배분규칙!$A$4:$A$23,0),MATCH($A21,배분규칙!$D$3:$J$3,0)),"") | D21: =IF($C21="",IF(ISNUMBER($B21),$B21,0),$C21) | E21: =$B$9*$D21 | F21: =IFERROR(INDEX(자산군!$D$7:$D$13,MATCH($A21,자산군!$A$7:$A$13,0)),"—") | G21: 0.0553 | H21: =IF(ISNUMBER($F21),$F21,0) | I21: =IF(AND($A21<>"현금",ISNUMBER($G21)),15,0)
A22: 해외ETF | B22: =IFERROR(INDEX(배분규칙!$D$4:$J$23,MATCH($H$2,배분규칙!$A$4:$A$23,0),MATCH($A22,배분규칙!$D$3:$J$3,0)),"") | D22: =IF($C22="",IF(ISNUMBER($B22),$B22,0),$C22) | E22: =$B$9*$D22 | F22: =IFERROR(INDEX(자산군!$D$7:$D$13,MATCH($A22,자산군!$A$7:$A$13,0)),"—") | G22: 0.0561 | H22: =IF(ISNUMBER($F22),$F22,0) | I22: =IF(AND($A22<>"현금",ISNUMBER($G22)),15,0)
A23: 국내펀드 | B23: =IFERROR(INDEX(배분규칙!$D$4:$J$23,MATCH($H$2,배분규칙!$A$4:$A$23,0),MATCH($A23,배분규칙!$D$3:$J$3,0)),"") | D23: =IF($C23="",IF(ISNUMBER($B23),$B23,0),$C23) | E23: =$B$9*$D23 | F23: =IFERROR(INDEX(자산군!$D$7:$D$13,MATCH($A23,자산군!$A$7:$A$13,0)),"—") | G23: 0.0451 | H23: =IF(ISNUMBER($F23),$F23,0) | I23: =IF(AND($A23<>"현금",ISNUMBER($G23)),20,0)
A24: 해외펀드 | B24: =IFERROR(INDEX(배분규칙!$D$4:$J$23,MATCH($H$2,배분규칙!$A$4:$A$23,0),MATCH($A24,배분규칙!$D$3:$J$3,0)),"") | D24: =IF($C24="",IF(ISNUMBER($B24),$B24,0),$C24) | E24: =$B$9*$D24 | F24: =IFERROR(INDEX(자산군!$D$7:$D$13,MATCH($A24,자산군!$A$7:$A$13,0)),"—") | G24: 0.0561 | H24: =IF(ISNUMBER($F24),$F24,0) | I24: =IF(AND($A24<>"현금",ISNUMBER($G24)),20,0)
A25: 현금 | B25: =IFERROR(INDEX(배분규칙!$D$4:$J$23,MATCH($H$2,배분규칙!$A$4:$A$23,0),MATCH($A25,배분규칙!$D$3:$J$3,0)),"") | D25: =IF($C25="",IF(ISNUMBER($B25),$B25,0),$C25) | E25: =$B$9*$D25 | F25: =IFERROR(INDEX(자산군!$D$7:$D$13,MATCH($A25,자산군!$A$7:$A$13,0)),"—") | G25: 0.0281 | H25: =IF(ISNUMBER($F25),$F25,0) | I25: =IF(AND($A25<>"현금",ISNUMBER($G25)),15,0)
A26: 합계 | B26: =SUM($B19:$B25) | C26: =IF(COUNT($C19:$C25)=0,"—",SUM($C19:$C25)) | D26: =SUM($D19:$D25) | E26: =SUM($E19:$E25) | F26: =SUMPRODUCT($D19:$D25,$H19:$H25) | G26: =IF(COUNT($G19:$G25)=0,"가정 미입력",SUMPRODUCT($D19:$D25,$G19:$G25))
A27: 점검 | B27: =IF($H$2="","조회 조건에서 「▶ 조회 실행」을 고르시면 배분이 나옵니다",IF(ABS($D26-1)>0.0005,"비중 합계가 100% 가 아닙니다 — 조정 비중을 맞추십시오","비중 합계 100% 입니다")) | G27: =COUNT($G19:$G25)&" / 7 가정"
A30: 3 | B30: 제안 상품
A32: 「상품」 시트에서 채택을 Y 로 바꾸면 여기에 올라옵니다. 배분액은 그 자산군 금액을 채택한 수로 나눈 것입니다. 상품 아래 회색 줄이 고른 까닭입니다 — 왼쪽 여백의 「−」로 접으면 인쇄에서도 빠집니다.
A34: 자산군 | B34: 상품 | C34: 측정 | D34: 연평균 | E34: 변동성 | F34: 보수 | G34: 배분액(만원)
A35: 국내주식 | B35: =IFERROR(INDEX(상품!$C$7:$C$156,MATCH($A$35&"|"&1,상품!$N$7:$N$156,0)),"") | C35: =IFERROR(INDEX(상품!$G$7:$G$156,MATCH($A$35&"|"&1,상품!$N$7:$N$156,0)),"") | D35: =IFERROR(INDEX(상품!$I$7:$I$156,MATCH($A$35&"|"&1,상품!$N$7:$N$156,0)),"") | E35: =IFERROR(INDEX(상품!$J$7:$J$156,MATCH($A$35&"|"&1,상품!$N$7:$N$156,0)),"") | F35: =IFERROR(INDEX(상품!$L$7:$L$156,MATCH($A$35&"|"&1,상품!$N$7:$N$156,0)),"") | G35: =IFERROR(IF(INDEX(상품!$C$7:$C$156,MATCH($A$35&"|"&1,상품!$N$7:$N$156,0))="","",ROUND($E$19/COUNTIFS(상품!$A$7:$A$156,"Y",상품!$B$7:$B$156,$A35),0)),"")
A36: =IFERROR(INDEX(상품!$M$7:$M$156,MATCH($A$35&"|"&1,상품!$N$7:$N$156,0)),"") | S36: 근거
B37: =IFERROR(INDEX(상품!$C$7:$C$156,MATCH($A$35&"|"&2,상품!$N$7:$N$156,0)),"") | C37: =IFERROR(INDEX(상품!$G$7:$G$156,MATCH($A$35&"|"&2,상품!$N$7:$N$156,0)),"") | D37: =IFERROR(INDEX(상품!$I$7:$I$156,MATCH($A$35&"|"&2,상품!$N$7:$N$156,0)),"") | E37: =IFERROR(INDEX(상품!$J$7:$J$156,MATCH($A$35&"|"&2,상품!$N$7:$N$156,0)),"") | F37: =IFERROR(INDEX(상품!$L$7:$L$156,MATCH($A$35&"|"&2,상품!$N$7:$N$156,0)),"") | G37: =IFERROR(IF(INDEX(상품!$C$7:$C$156,MATCH($A$35&"|"&2,상품!$N$7:$N$156,0))="","",ROUND($E$19/COUNTIFS(상품!$A$7:$A$156,"Y",상품!$B$7:$B$156,$A35),0)),"")
A38: =IFERROR(INDEX(상품!$M$7:$M$156,MATCH($A$35&"|"&2,상품!$N$7:$N$156,0)),"") | S38: 근거
B39: =IFERROR(INDEX(상품!$C$7:$C$156,MATCH($A$35&"|"&3,상품!$N$7:$N$156,0)),"") | C39: =IFERROR(INDEX(상품!$G$7:$G$156,MATCH($A$35&"|"&3,상품!$N$7:$N$156,0)),"") | D39: =IFERROR(INDEX(상품!$I$7:$I$156,MATCH($A$35&"|"&3,상품!$N$7:$N$156,0)),"") | E39: =IFERROR(INDEX(상품!$J$7:$J$156,MATCH($A$35&"|"&3,상품!$N$7:$N$156,0)),"") | F39: =IFERROR(INDEX(상품!$L$7:$L$156,MATCH($A$35&"|"&3,상품!$N$7:$N$156,0)),"") | G39: =IFERROR(IF(INDEX(상품!$C$7:$C$156,MATCH($A$35&"|"&3,상품!$N$7:$N$156,0))="","",ROUND($E$19/COUNTIFS(상품!$A$7:$A$156,"Y",상품!$B$7:$B$156,$A35),0)),"")
A40: =IFERROR(INDEX(상품!$M$7:$M$156,MATCH($A$35&"|"&3,상품!$N$7:$N$156,0)),"") | S40: 근거
B41: =IFERROR(INDEX(상품!$C$7:$C$156,MATCH($A$35&"|"&4,상품!$N$7:$N$156,0)),"") | C41: =IFERROR(INDEX(상품!$G$7:$G$156,MATCH($A$35&"|"&4,상품!$N$7:$N$156,0)),"") | D41: =IFERROR(INDEX(상품!$I$7:$I$156,MATCH($A$35&"|"&4,상품!$N$7:$N$156,0)),"") | E41: =IFERROR(INDEX(상품!$J$7:$J$156,MATCH($A$35&"|"&4,상품!$N$7:$N$156,0)),"") | F41: =IFERROR(INDEX(상품!$L$7:$L$156,MATCH($A$35&"|"&4,상품!$N$7:$N$156,0)),"") | G41: =IFERROR(IF(INDEX(상품!$C$7:$C$156,MATCH($A$35&"|"&4,상품!$N$7:$N$156,0))="","",ROUND($E$19/COUNTIFS(상품!$A$7:$A$156,"Y",상품!$B$7:$B$156,$A35),0)),"")
A42: =IFERROR(INDEX(상품!$M$7:$M$156,MATCH($A$35&"|"&4,상품!$N$7:$N$156,0)),"") | S42: 근거
B43: =IFERROR(INDEX(상품!$C$7:$C$156,MATCH($A$35&"|"&5,상품!$N$7:$N$156,0)),"") | C43: =IFERROR(INDEX(상품!$G$7:$G$156,MATCH($A$35&"|"&5,상품!$N$7:$N$156,0)),"") | D43: =IFERROR(INDEX(상품!$I$7:$I$156,MATCH($A$35&"|"&5,상품!$N$7:$N$156,0)),"") | E43: =IFERROR(INDEX(상품!$J$7:$J$156,MATCH($A$35&"|"&5,상품!$N$7:$N$156,0)),"") | F43: =IFERROR(INDEX(상품!$L$7:$L$156,MATCH($A$35&"|"&5,상품!$N$7:$N$156,0)),"") | G43: =IFERROR(IF(INDEX(상품!$C$7:$C$156,MATCH($A$35&"|"&5,상품!$N$7:$N$156,0))="","",ROUND($E$19/COUNTIFS(상품!$A$7:$A$156,"Y",상품!$B$7:$B$156,$A35),0)),"")
A44: =IFERROR(INDEX(상품!$M$7:$M$156,MATCH($A$35&"|"&5,상품!$N$7:$N$156,0)),"") | S44: 근거
A45: 해외주식 | B45: =IFERROR(INDEX(상품!$C$7:$C$156,MATCH($A$45&"|"&1,상품!$N$7:$N$156,0)),"") | C45: =IFERROR(INDEX(상품!$G$7:$G$156,MATCH($A$45&"|"&1,상품!$N$7:$N$156,0)),"") | D45: =IFERROR(INDEX(상품!$I$7:$I$156,MATCH($A$45&"|"&1,상품!$N$7:$N$156,0)),"") | E45: =IFERROR(INDEX(상품!$J$7:$J$156,MATCH($A$45&"|"&1,상품!$N$7:$N$156,0)),"") | F45: =IFERROR(INDEX(상품!$L$7:$L$156,MATCH($A$45&"|"&1,상품!$N$7:$N$156,0)),"") | G45: =IFERROR(IF(INDEX(상품!$C$7:$C$156,MATCH($A$45&"|"&1,상품!$N$7:$N$156,0))="","",ROUND($E$20/COUNTIFS(상품!$A$7:$A$156,"Y",상품!$B$7:$B$156,$A45),0)),"")
A46: =IFERROR(INDEX(상품!$M$7:$M$156,MATCH($A$45&"|"&1,상품!$N$7:$N$156,0)),"") | S46: 근거
B47: =IFERROR(INDEX(상품!$C$7:$C$156,MATCH($A$45&"|"&2,상품!$N$7:$N$156,0)),"") | C47: =IFERROR(INDEX(상품!$G$7:$G$156,MATCH($A$45&"|"&2,상품!$N$7:$N$156,0)),"") | D47: =IFERROR(INDEX(상품!$I$7:$I$156,MATCH($A$45&"|"&2,상품!$N$7:$N$156,0)),"") | E47: =IFERROR(INDEX(상품!$J$7:$J$156,MATCH($A$45&"|"&2,상품!$N$7:$N$156,0)),"") | F47: =IFERROR(INDEX(상품!$L$7:$L$156,MATCH($A$45&"|"&2,상품!$N$7:$N$156,0)),"") | G47: =IFERROR(IF(INDEX(상품!$C$7:$C$156,MATCH($A$45&"|"&2,상품!$N$7:$N$156,0))="","",ROUND($E$20/COUNTIFS(상품!$A$7:$A$156,"Y",상품!$B$7:$B$156,$A45),0)),"")
A48: =IFERROR(INDEX(상품!$M$7:$M$156,MATCH($A$45&"|"&2,상품!$N$7:$N$156,0)),"") | S48: 근거
B49: =IFERROR(INDEX(상품!$C$7:$C$156,MATCH($A$45&"|"&3,상품!$N$7:$N$156,0)),"") | C49: =IFERROR(INDEX(상품!$G$7:$G$156,MATCH($A$45&"|"&3,상품!$N$7:$N$156,0)),"") | D49: =IFERROR(INDEX(상품!$I$7:$I$156,MATCH($A$45&"|"&3,상품!$N$7:$N$156,0)),"") | E49: =IFERROR(INDEX(상품!$J$7:$J$156,MATCH($A$45&"|"&3,상품!$N$7:$N$156,0)),"") | F49: =IFERROR(INDEX(상품!$L$7:$L$156,MATCH($A$45&"|"&3,상품!$N$7:$N$156,0)),"") | G49: =IFERROR(IF(INDEX(상품!$C$7:$C$156,MATCH($A$45&"|"&3,상품!$N$7:$N$156,0))="","",ROUND($E$20/COUNTIFS(상품!$A$7:$A$156,"Y",상품!$B$7:$B$156,$A45),0)),"")
A50: =IFERROR(INDEX(상품!$M$7:$M$156,MATCH($A$45&"|"&3,상품!$N$7:$N$156,0)),"") | S50: 근거
B51: =IFERROR(INDEX(상품!$C$7:$C$156,MATCH($A$45&"|"&4,상품!$N$7:$N$156,0)),"") | C51: =IFERROR(INDEX(상품!$G$7:$G$156,MATCH($A$45&"|"&4,상품!$N$7:$N$156,0)),"") | D51: =IFERROR(INDEX(상품!$I$7:$I$156,MATCH($A$45&"|"&4,상품!$N$7:$N$156,0)),"") | E51: =IFERROR(INDEX(상품!$J$7:$J$156,MATCH($A$45&"|"&4,상품!$N$7:$N$156,0)),"") | F51: =IFERROR(INDEX(상품!$L$7:$L$156,MATCH($A$45&"|"&4,상품!$N$7:$N$156,0)),"") | G51: =IFERROR(IF(INDEX(상품!$C$7:$C$156,MATCH($A$45&"|"&4,상품!$N$7:$N$156,0))="","",ROUND($E$20/COUNTIFS(상품!$A$7:$A$156,"Y",상품!$B$7:$B$156,$A45),0)),"")
A52: =IFERROR(INDEX(상품!$M$7:$M$156,MATCH($A$45&"|"&4,상품!$N$7:$N$156,0)),"") | S52: 근거
B53: =IFERROR(INDEX(상품!$C$7:$C$156,MATCH($A$45&"|"&5,상품!$N$7:$N$156,0)),"") | C53: =IFERROR(INDEX(상품!$G$7:$G$156,MATCH($A$45&"|"&5,상품!$N$7:$N$156,0)),"") | D53: =IFERROR(INDEX(상품!$I$7:$I$156,MATCH($A$45&"|"&5,상품!$N$7:$N$156,0)),"") | E53: =IFERROR(INDEX(상품!$J$7:$J$156,MATCH($A$45&"|"&5,상품!$N$7:$N$156,0)),"") | F53: =IFERROR(INDEX(상품!$L$7:$L$156,MATCH($A$45&"|"&5,상품!$N$7:$N$156,0)),"") | G53: =IFERROR(IF(INDEX(상품!$C$7:$C$156,MATCH($A$45&"|"&5,상품!$N$7:$N$156,0))="","",ROUND($E$20/COUNTIFS(상품!$A$7:$A$156,"Y",상품!$B$7:$B$156,$A45),0)),"")
A54: =IFERROR(INDEX(상품!$M$7:$M$156,MATCH($A$45&"|"&5,상품!$N$7:$N$156,0)),"") | S54: 근거
A55: 국내ETF | B55: =IFERROR(INDEX(상품!$C$7:$C$156,MATCH($A$55&"|"&1,상품!$N$7:$N$156,0)),"") | C55: =IFERROR(INDEX(상품!$G$7:$G$156,MATCH($A$55&"|"&1,상품!$N$7:$N$156,0)),"") | D55: =IFERROR(INDEX(상품!$I$7:$I$156,MATCH($A$55&"|"&1,상품!$N$7:$N$156,0)),"") | E55: =IFERROR(INDEX(상품!$J$7:$J$156,MATCH($A$55&"|"&1,상품!$N$7:$N$156,0)),"") | F55: =IFERROR(INDEX(상품!$L$7:$L$156,MATCH($A$55&"|"&1,상품!$N$7:$N$156,0)),"") | G55: =IFERROR(IF(INDEX(상품!$C$7:$C$156,MATCH($A$55&"|"&1,상품!$N$7:$N$156,0))="","",ROUND($E$21/COUNTIFS(상품!$A$7:$A$156,"Y",상품!$B$7:$B$156,$A55),0)),"")
A56: =IFERROR(INDEX(상품!$M$7:$M$156,MATCH($A$55&"|"&1,상품!$N$7:$N$156,0)),"") | S56: 근거
B57: =IFERROR(INDEX(상품!$C$7:$C$156,MATCH($A$55&"|"&2,상품!$N$7:$N$156,0)),"") | C57: =IFERROR(INDEX(상품!$G$7:$G$156,MATCH($A$55&"|"&2,상품!$N$7:$N$156,0)),"") | D57: =IFERROR(INDEX(상품!$I$7:$I$156,MATCH($A$55&"|"&2,상품!$N$7:$N$156,0)),"") | E57: =IFERROR(INDEX(상품!$J$7:$J$156,MATCH($A$55&"|"&2,상품!$N$7:$N$156,0)),"") | F57: =IFERROR(INDEX(상품!$L$7:$L$156,MATCH($A$55&"|"&2,상품!$N$7:$N$156,0)),"") | G57: =IFERROR(IF(INDEX(상품!$C$7:$C$156,MATCH($A$55&"|"&2,상품!$N$7:$N$156,0))="","",ROUND($E$21/COUNTIFS(상품!$A$7:$A$156,"Y",상품!$B$7:$B$156,$A55),0)),"")
A58: =IFERROR(INDEX(상품!$M$7:$M$156,MATCH($A$55&"|"&2,상품!$N$7:$N$156,0)),"") | S58: 근거
B59: =IFERROR(INDEX(상품!$C$7:$C$156,MATCH($A$55&"|"&3,상품!$N$7:$N$156,0)),"") | C59: =IFERROR(INDEX(상품!$G$7:$G$156,MATCH($A$55&"|"&3,상품!$N$7:$N$156,0)),"") | D59: =IFERROR(INDEX(상품!$I$7:$I$156,MATCH($A$55&"|"&3,상품!$N$7:$N$156,0)),"") | E59: =IFERROR(INDEX(상품!$J$7:$J$156,MATCH($A$55&"|"&3,상품!$N$7:$N$156,0)),"") | F59: =IFERROR(INDEX(상품!$L$7:$L$156,MATCH($A$55&"|"&3,상품!$N$7:$N$156,0)),"") | G59: =IFERROR(IF(INDEX(상품!$C$7:$C$156,MATCH($A$55&"|"&3,상품!$N$7:$N$156,0))="","",ROUND($E$21/COUNTIFS(상품!$A$7:$A$156,"Y",상품!$B$7:$B$156,$A55),0)),"")
A60: =IFERROR(INDEX(상품!$M$7:$M$156,MATCH($A$55&"|"&3,상품!$N$7:$N$156,0)),"") | S60: 근거
B61: =IFERROR(INDEX(상품!$C$7:$C$156,MATCH($A$55&"|"&4,상품!$N$7:$N$156,0)),"") | C61: =IFERROR(INDEX(상품!$G$7:$G$156,MATCH($A$55&"|"&4,상품!$N$7:$N$156,0)),"") | D61: =IFERROR(INDEX(상품!$I$7:$I$156,MATCH($A$55&"|"&4,상품!$N$7:$N$156,0)),"") | E61: =IFERROR(INDEX(상품!$J$7:$J$156,MATCH($A$55&"|"&4,상품!$N$7:$N$156,0)),"") | F61: =IFERROR(INDEX(상품!$L$7:$L$156,MATCH($A$55&"|"&4,상품!$N$7:$N$156,0)),"") | G61: =IFERROR(IF(INDEX(상품!$C$7:$C$156,MATCH($A$55&"|"&4,상품!$N$7:$N$156,0))="","",ROUND($E$21/COUNTIFS(상품!$A$7:$A$156,"Y",상품!$B$7:$B$156,$A55),0)),"")
A62: =IFERROR(INDEX(상품!$M$7:$M$156,MATCH($A$55&"|"&4,상품!$N$7:$N$156,0)),"") | S62: 근거
B63: =IFERROR(INDEX(상품!$C$7:$C$156,MATCH($A$55&"|"&5,상품!$N$7:$N$156,0)),"") | C63: =IFERROR(INDEX(상품!$G$7:$G$156,MATCH($A$55&"|"&5,상품!$N$7:$N$156,0)),"") | D63: =IFERROR(INDEX(상품!$I$7:$I$156,MATCH($A$55&"|"&5,상품!$N$7:$N$156,0)),"") | E63: =IFERROR(INDEX(상품!$J$7:$J$156,MATCH($A$55&"|"&5,상품!$N$7:$N$156,0)),"") | F63: =IFERROR(INDEX(상품!$L$7:$L$156,MATCH($A$55&"|"&5,상품!$N$7:$N$156,0)),"") | G63: =IFERROR(IF(INDEX(상품!$C$7:$C$156,MATCH($A$55&"|"&5,상품!$N$7:$N$156,0))="","",ROUND($E$21/COUNTIFS(상품!$A$7:$A$156,"Y",상품!$B$7:$B$156,$A55),0)),"")
A64: =IFERROR(INDEX(상품!$M$7:$M$156,MATCH($A$55&"|"&5,상품!$N$7:$N$156,0)),"") | S64: 근거
A65: 해외ETF | B65: =IFERROR(INDEX(상품!$C$7:$C$156,MATCH($A$65&"|"&1,상품!$N$7:$N$156,0)),"") | C65: =IFERROR(INDEX(상품!$G$7:$G$156,MATCH($A$65&"|"&1,상품!$N$7:$N$156,0)),"") | D65: =IFERROR(INDEX(상품!$I$7:$I$156,MATCH($A$65&"|"&1,상품!$N$7:$N$156,0)),"") | E65: =IFERROR(INDEX(상품!$J$7:$J$156,MATCH($A$65&"|"&1,상품!$N$7:$N$156,0)),"") | F65: =IFERROR(INDEX(상품!$L$7:$L$156,MATCH($A$65&"|"&1,상품!$N$7:$N$156,0)),"") | G65: =IFERROR(IF(INDEX(상품!$C$7:$C$156,MATCH($A$65&"|"&1,상품!$N$7:$N$156,0))="","",ROUND($E$22/COUNTIFS(상품!$A$7:$A$156,"Y",상품!$B$7:$B$156,$A65),0)),"")
A66: =IFERROR(INDEX(상품!$M$7:$M$156,MATCH($A$65&"|"&1,상품!$N$7:$N$156,0)),"") | S66: 근거
B67: =IFERROR(INDEX(상품!$C$7:$C$156,MATCH($A$65&"|"&2,상품!$N$7:$N$156,0)),"") | C67: =IFERROR(INDEX(상품!$G$7:$G$156,MATCH($A$65&"|"&2,상품!$N$7:$N$156,0)),"") | D67: =IFERROR(INDEX(상품!$I$7:$I$156,MATCH($A$65&"|"&2,상품!$N$7:$N$156,0)),"") | E67: =IFERROR(INDEX(상품!$J$7:$J$156,MATCH($A$65&"|"&2,상품!$N$7:$N$156,0)),"") | F67: =IFERROR(INDEX(상품!$L$7:$L$156,MATCH($A$65&"|"&2,상품!$N$7:$N$156,0)),"") | G67: =IFERROR(IF(INDEX(상품!$C$7:$C$156,MATCH($A$65&"|"&2,상품!$N$7:$N$156,0))="","",ROUND($E$22/COUNTIFS(상품!$A$7:$A$156,"Y",상품!$B$7:$B$156,$A65),0)),"")
A68: =IFERROR(INDEX(상품!$M$7:$M$156,MATCH($A$65&"|"&2,상품!$N$7:$N$156,0)),"") | S68: 근거
B69: =IFERROR(INDEX(상품!$C$7:$C$156,MATCH($A$65&"|"&3,상품!$N$7:$N$156,0)),"") | C69: =IFERROR(INDEX(상품!$G$7:$G$156,MATCH($A$65&"|"&3,상품!$N$7:$N$156,0)),"") | D69: =IFERROR(INDEX(상품!$I$7:$I$156,MATCH($A$65&"|"&3,상품!$N$7:$N$156,0)),"") | E69: =IFERROR(INDEX(상품!$J$7:$J$156,MATCH($A$65&"|"&3,상품!$N$7:$N$156,0)),"") | F69: =IFERROR(INDEX(상품!$L$7:$L$156,MATCH($A$65&"|"&3,상품!$N$7:$N$156,0)),"") | G69: =IFERROR(IF(INDEX(상품!$C$7:$C$156,MATCH($A$65&"|"&3,상품!$N$7:$N$156,0))="","",ROUND($E$22/COUNTIFS(상품!$A$7:$A$156,"Y",상품!$B$7:$B$156,$A65),0)),"")
A70: =IFERROR(INDEX(상품!$M$7:$M$156,MATCH($A$65&"|"&3,상품!$N$7:$N$156,0)),"") | S70: 근거
B71: =IFERROR(INDEX(상품!$C$7:$C$156,MATCH($A$65&"|"&4,상품!$N$7:$N$156,0)),"") | C71: =IFERROR(INDEX(상품!$G$7:$G$156,MATCH($A$65&"|"&4,상품!$N$7:$N$156,0)),"") | D71: =IFERROR(INDEX(상품!$I$7:$I$156,MATCH($A$65&"|"&4,상품!$N$7:$N$156,0)),"") | E71: =IFERROR(INDEX(상품!$J$7:$J$156,MATCH($A$65&"|"&4,상품!$N$7:$N$156,0)),"") | F71: =IFERROR(INDEX(상품!$L$7:$L$156,MATCH($A$65&"|"&4,상품!$N$7:$N$156,0)),"") | G71: =IFERROR(IF(INDEX(상품!$C$7:$C$156,MATCH($A$65&"|"&4,상품!$N$7:$N$156,0))="","",ROUND($E$22/COUNTIFS(상품!$A$7:$A$156,"Y",상품!$B$7:$B$156,$A65),0)),"")
A72: =IFERROR(INDEX(상품!$M$7:$M$156,MATCH($A$65&"|"&4,상품!$N$7:$N$156,0)),"") | S72: 근거
B73: =IFERROR(INDEX(상품!$C$7:$C$156,MATCH($A$65&"|"&5,상품!$N$7:$N$156,0)),"") | C73: =IFERROR(INDEX(상품!$G$7:$G$156,MATCH($A$65&"|"&5,상품!$N$7:$N$156,0)),"") | D73: =IFERROR(INDEX(상품!$I$7:$I$156,MATCH($A$65&"|"&5,상품!$N$7:$N$156,0)),"") | E73: =IFERROR(INDEX(상품!$J$7:$J$156,MATCH($A$65&"|"&5,상품!$N$7:$N$156,0)),"") | F73: =IFERROR(INDEX(상품!$L$7:$L$156,MATCH($A$65&"|"&5,상품!$N$7:$N$156,0)),"") | G73: =IFERROR(IF(INDEX(상품!$C$7:$C$156,MATCH($A$65&"|"&5,상품!$N$7:$N$156,0))="","",ROUND($E$22/COUNTIFS(상품!$A$7:$A$156,"Y",상품!$B$7:$B$156,$A65),0)),"")
A74: =IFERROR(INDEX(상품!$M$7:$M$156,MATCH($A$65&"|"&5,상품!$N$7:$N$156,0)),"") | S74: 근거
A75: 국내펀드 | B75: =IFERROR(INDEX(상품!$C$7:$C$156,MATCH($A$75&"|"&1,상품!$N$7:$N$156,0)),"") | C75: =IFERROR(INDEX(상품!$G$7:$G$156,MATCH($A$75&"|"&1,상품!$N$7:$N$156,0)),"") | D75: =IFERROR(INDEX(상품!$I$7:$I$156,MATCH($A$75&"|"&1,상품!$N$7:$N$156,0)),"") | E75: =IFERROR(INDEX(상품!$J$7:$J$156,MATCH($A$75&"|"&1,상품!$N$7:$N$156,0)),"") | F75: =IFERROR(INDEX(상품!$L$7:$L$156,MATCH($A$75&"|"&1,상품!$N$7:$N$156,0)),"") | G75: =IFERROR(IF(INDEX(상품!$C$7:$C$156,MATCH($A$75&"|"&1,상품!$N$7:$N$156,0))="","",ROUND($E$23/COUNTIFS(상품!$A$7:$A$156,"Y",상품!$B$7:$B$156,$A75),0)),"")
A76: =IFERROR(INDEX(상품!$M$7:$M$156,MATCH($A$75&"|"&1,상품!$N$7:$N$156,0)),"") | S76: 근거
B77: =IFERROR(INDEX(상품!$C$7:$C$156,MATCH($A$75&"|"&2,상품!$N$7:$N$156,0)),"") | C77: =IFERROR(INDEX(상품!$G$7:$G$156,MATCH($A$75&"|"&2,상품!$N$7:$N$156,0)),"") | D77: =IFERROR(INDEX(상품!$I$7:$I$156,MATCH($A$75&"|"&2,상품!$N$7:$N$156,0)),"") | E77: =IFERROR(INDEX(상품!$J$7:$J$156,MATCH($A$75&"|"&2,상품!$N$7:$N$156,0)),"") | F77: =IFERROR(INDEX(상품!$L$7:$L$156,MATCH($A$75&"|"&2,상품!$N$7:$N$156,0)),"") | G77: =IFERROR(IF(INDEX(상품!$C$7:$C$156,MATCH($A$75&"|"&2,상품!$N$7:$N$156,0))="","",ROUND($E$23/COUNTIFS(상품!$A$7:$A$156,"Y",상품!$B$7:$B$156,$A75),0)),"")
A78: =IFERROR(INDEX(상품!$M$7:$M$156,MATCH($A$75&"|"&2,상품!$N$7:$N$156,0)),"") | S78: 근거
B79: =IFERROR(INDEX(상품!$C$7:$C$156,MATCH($A$75&"|"&3,상품!$N$7:$N$156,0)),"") | C79: =IFERROR(INDEX(상품!$G$7:$G$156,MATCH($A$75&"|"&3,상품!$N$7:$N$156,0)),"") | D79: =IFERROR(INDEX(상품!$I$7:$I$156,MATCH($A$75&"|"&3,상품!$N$7:$N$156,0)),"") | E79: =IFERROR(INDEX(상품!$J$7:$J$156,MATCH($A$75&"|"&3,상품!$N$7:$N$156,0)),"") | F79: =IFERROR(INDEX(상품!$L$7:$L$156,MATCH($A$75&"|"&3,상품!$N$7:$N$156,0)),"") | G79: =IFERROR(IF(INDEX(상품!$C$7:$C$156,MATCH($A$75&"|"&3,상품!$N$7:$N$156,0))="","",ROUND($E$23/COUNTIFS(상품!$A$7:$A$156,"Y",상품!$B$7:$B$156,$A75),0)),"")
A80: =IFERROR(INDEX(상품!$M$7:$M$156,MATCH($A$75&"|"&3,상품!$N$7:$N$156,0)),"") | S80: 근거
B81: =IFERROR(INDEX(상품!$C$7:$C$156,MATCH($A$75&"|"&4,상품!$N$7:$N$156,0)),"") | C81: =IFERROR(INDEX(상품!$G$7:$G$156,MATCH($A$75&"|"&4,상품!$N$7:$N$156,0)),"") | D81: =IFERROR(INDEX(상품!$I$7:$I$156,MATCH($A$75&"|"&4,상품!$N$7:$N$156,0)),"") | E81: =IFERROR(INDEX(상품!$J$7:$J$156,MATCH($A$75&"|"&4,상품!$N$7:$N$156,0)),"") | F81: =IFERROR(INDEX(상품!$L$7:$L$156,MATCH($A$75&"|"&4,상품!$N$7:$N$156,0)),"") | G81: =IFERROR(IF(INDEX(상품!$C$7:$C$156,MATCH($A$75&"|"&4,상품!$N$7:$N$156,0))="","",ROUND($E$23/COUNTIFS(상품!$A$7:$A$156,"Y",상품!$B$7:$B$156,$A75),0)),"")
A82: =IFERROR(INDEX(상품!$M$7:$M$156,MATCH($A$75&"|"&4,상품!$N$7:$N$156,0)),"") | S82: 근거
B83: =IFERROR(INDEX(상품!$C$7:$C$156,MATCH($A$75&"|"&5,상품!$N$7:$N$156,0)),"") | C83: =IFERROR(INDEX(상품!$G$7:$G$156,MATCH($A$75&"|"&5,상품!$N$7:$N$156,0)),"") | D83: =IFERROR(INDEX(상품!$I$7:$I$156,MATCH($A$75&"|"&5,상품!$N$7:$N$156,0)),"") | E83: =IFERROR(INDEX(상품!$J$7:$J$156,MATCH($A$75&"|"&5,상품!$N$7:$N$156,0)),"") | F83: =IFERROR(INDEX(상품!$L$7:$L$156,MATCH($A$75&"|"&5,상품!$N$7:$N$156,0)),"") | G83: =IFERROR(IF(INDEX(상품!$C$7:$C$156,MATCH($A$75&"|"&5,상품!$N$7:$N$156,0))="","",ROUND($E$23/COUNTIFS(상품!$A$7:$A$156,"Y",상품!$B$7:$B$156,$A75),0)),"")
A84: =IFERROR(INDEX(상품!$M$7:$M$156,MATCH($A$75&"|"&5,상품!$N$7:$N$156,0)),"") | S84: 근거
A85: 해외펀드 | B85: =IFERROR(INDEX(상품!$C$7:$C$156,MATCH($A$85&"|"&1,상품!$N$7:$N$156,0)),"") | C85: =IFERROR(INDEX(상품!$G$7:$G$156,MATCH($A$85&"|"&1,상품!$N$7:$N$156,0)),"") | D85: =IFERROR(INDEX(상품!$I$7:$I$156,MATCH($A$85&"|"&1,상품!$N$7:$N$156,0)),"") | E85: =IFERROR(INDEX(상품!$J$7:$J$156,MATCH($A$85&"|"&1,상품!$N$7:$N$156,0)),"") | F85: =IFERROR(INDEX(상품!$L$7:$L$156,MATCH($A$85&"|"&1,상품!$N$7:$N$156,0)),"") | G85: =IFERROR(IF(INDEX(상품!$C$7:$C$156,MATCH($A$85&"|"&1,상품!$N$7:$N$156,0))="","",ROUND($E$24/COUNTIFS(상품!$A$7:$A$156,"Y",상품!$B$7:$B$156,$A85),0)),"")
A86: =IFERROR(INDEX(상품!$M$7:$M$156,MATCH($A$85&"|"&1,상품!$N$7:$N$156,0)),"") | S86: 근거
B87: =IFERROR(INDEX(상품!$C$7:$C$156,MATCH($A$85&"|"&2,상품!$N$7:$N$156,0)),"") | C87: =IFERROR(INDEX(상품!$G$7:$G$156,MATCH($A$85&"|"&2,상품!$N$7:$N$156,0)),"") | D87: =IFERROR(INDEX(상품!$I$7:$I$156,MATCH($A$85&"|"&2,상품!$N$7:$N$156,0)),"") | E87: =IFERROR(INDEX(상품!$J$7:$J$156,MATCH($A$85&"|"&2,상품!$N$7:$N$156,0)),"") | F87: =IFERROR(INDEX(상품!$L$7:$L$156,MATCH($A$85&"|"&2,상품!$N$7:$N$156,0)),"") | G87: =IFERROR(IF(INDEX(상품!$C$7:$C$156,MATCH($A$85&"|"&2,상품!$N$7:$N$156,0))="","",ROUND($E$24/COUNTIFS(상품!$A$7:$A$156,"Y",상품!$B$7:$B$156,$A85),0)),"")
A88: =IFERROR(INDEX(상품!$M$7:$M$156,MATCH($A$85&"|"&2,상품!$N$7:$N$156,0)),"") | S88: 근거
B89: =IFERROR(INDEX(상품!$C$7:$C$156,MATCH($A$85&"|"&3,상품!$N$7:$N$156,0)),"") | C89: =IFERROR(INDEX(상품!$G$7:$G$156,MATCH($A$85&"|"&3,상품!$N$7:$N$156,0)),"") | D89: =IFERROR(INDEX(상품!$I$7:$I$156,MATCH($A$85&"|"&3,상품!$N$7:$N$156,0)),"") | E89: =IFERROR(INDEX(상품!$J$7:$J$156,MATCH($A$85&"|"&3,상품!$N$7:$N$156,0)),"") | F89: =IFERROR(INDEX(상품!$L$7:$L$156,MATCH($A$85&"|"&3,상품!$N$7:$N$156,0)),"") | G89: =IFERROR(IF(INDEX(상품!$C$7:$C$156,MATCH($A$85&"|"&3,상품!$N$7:$N$156,0))="","",ROUND($E$24/COUNTIFS(상품!$A$7:$A$156,"Y",상품!$B$7:$B$156,$A85),0)),"")
A90: =IFERROR(INDEX(상품!$M$7:$M$156,MATCH($A$85&"|"&3,상품!$N$7:$N$156,0)),"") | S90: 근거
B91: =IFERROR(INDEX(상품!$C$7:$C$156,MATCH($A$85&"|"&4,상품!$N$7:$N$156,0)),"") | C91: =IFERROR(INDEX(상품!$G$7:$G$156,MATCH($A$85&"|"&4,상품!$N$7:$N$156,0)),"") | D91: =IFERROR(INDEX(상품!$I$7:$I$156,MATCH($A$85&"|"&4,상품!$N$7:$N$156,0)),"") | E91: =IFERROR(INDEX(상품!$J$7:$J$156,MATCH($A$85&"|"&4,상품!$N$7:$N$156,0)),"") | F91: =IFERROR(INDEX(상품!$L$7:$L$156,MATCH($A$85&"|"&4,상품!$N$7:$N$156,0)),"") | G91: =IFERROR(IF(INDEX(상품!$C$7:$C$156,MATCH($A$85&"|"&4,상품!$N$7:$N$156,0))="","",ROUND($E$24/COUNTIFS(상품!$A$7:$A$156,"Y",상품!$B$7:$B$156,$A85),0)),"")
A92: =IFERROR(INDEX(상품!$M$7:$M$156,MATCH($A$85&"|"&4,상품!$N$7:$N$156,0)),"") | S92: 근거
B93: =IFERROR(INDEX(상품!$C$7:$C$156,MATCH($A$85&"|"&5,상품!$N$7:$N$156,0)),"") | C93: =IFERROR(INDEX(상품!$G$7:$G$156,MATCH($A$85&"|"&5,상품!$N$7:$N$156,0)),"") | D93: =IFERROR(INDEX(상품!$I$7:$I$156,MATCH($A$85&"|"&5,상품!$N$7:$N$156,0)),"") | E93: =IFERROR(INDEX(상품!$J$7:$J$156,MATCH($A$85&"|"&5,상품!$N$7:$N$156,0)),"") | F93: =IFERROR(INDEX(상품!$L$7:$L$156,MATCH($A$85&"|"&5,상품!$N$7:$N$156,0)),"") | G93: =IFERROR(IF(INDEX(상품!$C$7:$C$156,MATCH($A$85&"|"&5,상품!$N$7:$N$156,0))="","",ROUND($E$24/COUNTIFS(상품!$A$7:$A$156,"Y",상품!$B$7:$B$156,$A85),0)),"")
A94: =IFERROR(INDEX(상품!$M$7:$M$156,MATCH($A$85&"|"&5,상품!$N$7:$N$156,0)),"") | S94: 근거
A95: 개별 주식은 종목 추천이 아닙니다. 적힌 수치는 모두 지나간 실적이며 미래 수익률이 아닙니다. 고른 근거는 「상품」 시트의 「고른 까닭」 칸에 있습니다.
A98: 4 | B98: 목표 수익률 견주기
A100: 고객 목표 (연) | D100: =IF($B$12="","—",$B$12)
A101: 이 배분의 기대수익률 (가정 가중합) | D101: =IF(COUNT($G19:$G25)=0,"가정 미입력",$G26)
A102: 차이 (기대 − 목표) | D102: =IF(OR($B$12="",COUNT($G19:$G25)=0),"—",$G26-$B$12)
A103: 목표에 닿으려면 필요한 위험자산 비중 | D103: =IF($H$5="","—",$H$5)
A104: 지금 배분의 위험자산 비중 | D104: =IF($H$2="","—",1-$D25)
A105: =IF($B$12="","목표 연수익률을 넣으시면 견주어 드립니다.",IF(COUNT($G19:$G25)=0,"자산군별 기대수익률 가정을 넣으셔야 견줄 수 있습니다.",IF($H$5="","가정한 위험자산 기대수익률이 현금보다 높지 않아 역산할 수 없습니다.",IF($H$5>=1,"목표는 현금을 0 으로 해도 닿지 않습니다 — 목표를 낮추거나 가정을 다시 보십시오.",IF($G26>=$B$12,"가정대로라면 목표를 웃돕니다.","가정대로라면 목표에 모자랍니다 — 목표를 낮추거나 위험자산을 늘려야 합니다.")))))
A106: ⚠ 역산은 「목표를 올리면 위험자산이 이만큼 늘어난다」는 산수일 뿐, 그렇게 하면 목표를 번다는 뜻이 아닙니다. 위험자산 안의 구성은 위험중립형 비율을 그대로 씁니다 — 목표를 맞추려고 한 자산군에 몰아주면 분산이 깨집니다.
A109: 5 | B109: 이 표를 읽는 법
A111: · 「기대수익률 (가정)」은 비어 있습니다. 사람이 넣는 칸이며 기본값을 두지 않았습니다 — 넣으실 때 근거를 함께 적어 두십시오.
A112: · 「과거 1년」을 「기대수익률」 칸에 복사해 넣지 마십시오. 「지난해처럼 오른다」고 가정하는 것이 됩니다.
A113: · 기대수익률 합계는 빈 칸을 0 으로 셈합니다. 일부만 넣으면 그만큼 낮게 나오므로 아래 「가정 넣은 자산군」 수를 함께 보십시오.
A114: · 「과거 1년」은 실제로 잰 값이며 미래 수익률이 아닙니다 — 최근 1년이 그랬다는 것과 앞으로 그러리라는 것은 다른 말입니다.
...

Sheet 배분규칙
A1: 이 시트는 proposal_lib.py 가 셈한 배분입니다. 손으로 고치지 마십시오 — 고치면 화면(proposal.html)과 어긋납니다.
A3: 키 | B3: 성향 | C3: 기간 | D3: 국내주식 | E3: 해외주식 | F3: 국내ETF | G3: 해외ETF | H3: 국내펀드 | I3: 해외펀드 | J3: 현금
A4: 1|1 | B4: 1 | C4: 1년 이내 | D4: 0 | E4: 0 | F4: 0.02 | G4: 0.02 | H4: 0.08 | I4: 0.04 | J4: 0.84
A5: 1|3 | B5: 1 | C5: 3년 | D5: 0 | E5: 0 | F5: 0.035 | G5: 0.035 | H5: 0.14 | I5: 0.07 | J5: 0.72
A6: 1|5 | B6: 1 | C6: 5년 | D6: 0 | E6: 0 | F6: 0.045 | G6: 0.045 | H6: 0.18 | I6: 0.09 | J6: 0.64
A7: 1|10 | B7: 1 | C7: 5년 초과 | D7: 0 | E7: 0 | F7: 0.05 | G7: 0.05 | H7: 0.2 | I7: 0.1 | J7: 0.6
A8: 2|1 | B8: 2 | C8: 1년 이내 | D8: 0 | E8: 0.02 | F8: 0.04 | G8: 0.04 | H8: 0.1 | I8: 0.06 | J8: 0.74
A9: 2|3 | B9: 2 | C9: 3년 | D9: 0 | E9: 0.035 | F9: 0.07 | G9: 0.07 | H9: 0.175 | I9: 0.105 | J9: 0.545
A10: 2|5 | B10: 2 | C10: 5년 | D10: 0 | E10: 0.045 | F10: 0.09 | G10: 0.09 | H10: 0.225 | I10: 0.135 | J10: 0.415
A11: 2|10 | B11: 2 | C11: 5년 초과 | D11: 0 | E11: 0.05 | F11: 0.1 | G11: 0.1 | H11: 0.25 | I11: 0.15 | J11: 0.35
A12: 3|1 | B12: 3 | C12: 1년 이내 | D12: 0.02 | E12: 0.04 | F12: 0.06 | G12: 0.06 | H12: 0.08 | I12: 0.08 | J12: 0.66
A13: 3|3 | B13: 3 | C13: 3년 | D13: 0.035 | E13: 0.07 | F13: 0.105 | G13: 0.105 | H13: 0.14 | I13: 0.14 | J13: 0.405
A14: 3|5 | B14: 3 | C14: 5년 | D14: 0.045 | E14: 0.09 | F14: 0.135 | G14: 0.135 | H14: 0.18 | I14: 0.18 | J14: 0.235
A15: 3|10 | B15: 3 | C15: 5년 초과 | D15: 0.05 | E15: 0.1 | F15: 0.15 | G15: 0.15 | H15: 0.2 | I15: 0.2 | J15: 0.15
... A23: 5|10 | B23: 5 | C23: 5년 초과 | D23: 0.25 | E23: 0.3 | F23: 0.15 | G23: 0.2 | H23: 0.05 | I23: 0.05 | J23: 0

Sheet 자산군
A2: 1 | B2: 자산군 실측치
A4: 아래는 원천에서 실제로 잰 값입니다. 미래 수익률이 아닙니다. 빈칸(—)은 원천에 없어 셈하지 않은 것이며 만들어 넣지 않습니다.
A6: 자산군 | B6: 종목수 | C6: 수익률 산출 | D6: 과거 1년(중앙) | E6: 변동성(중앙) | F6: 최대낙폭(중앙)
A7: 국내ETF | B7: 78 | C7: 25 | D7: 0.14695507 | E7: 0.24025 | F7: -0.40630482
A8: 국내주식 | B8: 100 | C8: 100 | D8: 0.38298434 | E8: 0.56951225 | F8: -0.46758401
A9: 국내펀드 | B9: 526 | C9: 523 | D9: 0.294202 | E9: 0.18285 | F9: -0.1577
A10: 해외ETF | B10: 153 | C10: 60 | D10: 0.16738683 | E10: 0.1834939 | F10: -0.33717369
A11: 해외주식 | B11: 100 | C11: 99 | D11: 0.061489254 | E11: 0.29306841 | F11: -0.32494997
A12: 해외펀드 | B12: 434 | C12: 434 | D12: 0.104064 | E12: 0.1361 | F12: -0.11885
A13: 현금성 | B13: 112 | C13: 80 | D13: 0.0281925 | E13: 0.003 | F13: 0
A15: 펀드는 달 간격 기준가로 셈합니다 — 일봉보다 거칠어 최대낙폭이 다소 얕게 나옵니다. 계열이 없는 펀드는 원천이 준 누적 수익률과 52주 표준편차를 쓰고, 최대낙폭은 비워 둡니다.

Sheet 상품
A2: 2 | B2: 자산군별 제안 상품
A4: 여러 해의 위험조정 성과로 고릅니다 — 1·3·5 해의 연평균 수익률, 연변동성, 최대낙폭, 보수, 그리고 창이 바뀌어도 성과가 유지되는지를 함께 보아 점수를 냅니다. 지난해 수익률 순으로도, 규모 순으로도 고르지 않습니다 (규모는 문턱일 뿐입니다). 「측정」이 미측정인 상품은 시세가 없어 변동성·최대낙폭을 못 쟀습니다 — 잰 상품이 넉넉하면 후보에서 뺍니다. 적힌 수치는 모두 지나간 실적이며 미래 수익률이 아닙니다. 개별 주식은 종목 추천이 아닙니다.
A6: 채택 | B6: 자산군 | C6: 상품 | D6: 유형 | E6: 운용/발행 | F6: 규모 | G6: 측정 | H6: 잰 기간 | I6: 연평균 | J6: 변동성 | K6: 최대낙폭 | L6: 보수 | M6: 고른 까닭
A7: Y | B7: 국내주식 | C7: 우리금융지주 | D7: 금융 | E7: — | F7: 26조원 | G7: 다년 실측 | H7: 5해 | I7: 0.2601 | J7: 0.2987 | K7: -0.3395 | L7: — | M7: 5해 연26.0% · 변동성 29.9% (위험대비 0.78) · 최대낙폭 -34% · 가장 나쁜 창 연26.0% | N7: =IF($A7="Y",$B7&"|"&COUNTIFS($A$7:$A7,"Y",$B$7:$B7,$B7),"")
A8: Y | B8: 국내주식 | C8: KB금융 | D8: 금융 | E8: — | F8: 62조원 | G8: 다년 실측 | H8: 5해 | I8: 0.2678 | J8: 0.3533 | K8: -0.3359 | L8: — | M8: 5해 연26.8% · 변동성 35.3% (위험대비 0.68) · 최대낙폭 -34% · 가장 나쁜 창 연26.8% | N8: =IF($A8="Y",$B8&"|"&COUNTIFS($A$7:$A8,"Y",$B$7:$B8,$B8),"")
A9: N | B9: 국내주식 | C9: 신한지주 | D9: 금융 | E9: — | F9: 52조원 | G9: 다년 실측 | H9: 5해 | I9: 0.2321 | J9: 0.3143 | K9: -0.2899 | L9: — | M9: 5해 연23.2% · 변동성 31.4% (위험대비 0.65) · 최대낙폭 -29% · 가장 나쁜 창 연23.2% | N9: =IF($A9="Y",$B9&"|"&COUNTIFS($A$7:$A9,"Y",$B$7:$B9,$B9),"")
A10: N | B10: 국내주식 | C10: DB손해보험 | D10: 금융 | E10: — | F10: 11조원 | G10: 다년 실측 | H10: 5해 | I10: 0.2699 | J10: 0.3849 | K10: -0.3601 | L10: — | M10: 5해 연27.0% · 변동성 38.5% (위험대비 0.63) · 최대낙폭 -36% · 가장 나쁜 창 연27.0% | N10: =IF($A10="Y",$B10&"|"&COUNTIFS($A$7:$A10,"Y",$B$7:$B10,$B10),"")
A11: N | B11: 국내주식 | C11: 하나금융지주 | D11: 금융 | E11: — | F11: 36조원 | G11: 다년 실측 | H11: 5해 | I11: 0.2421 | J11: 0.3427 | K11: -0.354 | L11: — | M11: 5해 연24.2% · 변동성 34.3% (위험대비 0.62) · 최대낙폭 -35% · 가장 나쁜 창 연24.2% | N11: =IF($A11="Y",$B11&"|"&COUNTIFS($A$7:$A11,"Y",$B$7:$B11,$B11),"")
A12: Y | B12: 국내주식 | C12: KT&G | D12: 소비재 | E12: — | F12: 18조원 | G12: 다년 실측 | H12: 5해 | I12: 0.1542 | J12: 0.2396 | K12: -0.2301 | L12: — | M12: 5해 연15.4% · 변동성 24.0% (위험대비 0.53) · 최대낙폭 -23% · 가장 나쁜 창 연15.4% | N12: =IF($A12="Y",$B12&"|"&COUNTIFS($A$7:$A12,"Y",$B$7:$B12,$B12),"")
A13: Y | B13: 국내주식 | C13: LIG넥스원 | D13: 중공업 | E13: — | F13: 16조원 | G13: 다년 실측 | H13: 5해 | I13: 0.7317 | J13: 0.6138 | K13: -0.4223 | L13: — | M13: 5해 연73.2% · 변동성 61.4% (위험대비 1.15) · 최대낙폭 -42% · 가장 나쁜 창 연52.6% | N13: =IF($A13="Y",$B13&"|"&COUNTIFS($A$7:$A13,"Y",$B$7:$B13,$B13),"")
A14: N | B14: 국내주식 | C14: 삼성화재 | D14: 금융 | E14: — | F14: 29조원 | G14: 다년 실측 | H14: 5해 | I14: 0.2422 | J14: 0.4141 | K14: -0.3008 | L14: — | M14: 5해 연24.2% · 변동성 41.4% (위험대비 0.52) · 최대낙폭 -30% · 가장 나쁜 창 연24.2% | N14: =IF($A14="Y",$B14&"|"&COUNTIFS($A$7:$A14,"Y",$B$7:$B14,$B14),"")
A15: Y | B15: 국내주식 | C15: HD현대 | D15: 지주 | E15: — | F15: 15조원 | G15: 다년 실측 | H15: 5해 | I15: 0.2472 | J15: 0.3909 | K15: -0.3955 | L15: — | M15: 5해 연24.7% · 변동성 39.1% (위험대비 0.56) · 최대낙폭 -40% · 가장 나쁜 창 연24.7% | N15: =IF($A15="Y",$B15&"|"&COUNTIFS($A$7:$A15,"Y",$B$7:$B15,$B15),"")
A16: N | B16: 국내주식 | C16: GS | D16: 지주 | E16: — | F16: 11조원 | G16: 다년 실측 | H16: 5해 | I16: 0.2077 | J16: 0.3608 | K16: -0.3525 | L16: — | M16: 5해 연20.8% · 변동성 36.1% (위험대비 0.50) · 최대낙폭 -35% · 가장 나쁜 창 연20.8% | N16: =IF($A16="Y",$B16&"|"&COUNTIFS($A$7:$A16,"Y",$B$7:$B16,$B16),"")
A17: N | B17: 국내주식 | C17: SK하이닉스 | D17: 반도체 | E17: — | F17: 1,313조원 | G17: 다년 실측 | H17: 5해 | I17: 0.7096 | J17: 0.5455 | K17: -0.5471 | L17: — | M17: 5해 연71.0% · 변동성 54.5% (위험대비 1.25) · 최대낙폭 -55% · 가장 나쁜 창 연71.0% | N17: =IF($A17="Y",$B17&"|"&COUNTIFS($A$7:$A17,"Y",$B$7:$B17,$B17),"")
A18: N | B18: 국내주식 | C18: 한국항공우주 | D18: 중공업 | E18: — | F18: 13조원 | G18: 다년 실측 | H18: 5해 | I18: 0.3003 | J18: 0.4761 | K18: -0.4183 | L18: — | M18: 5해 연30.0% · 변동성 47.6% (위험대비 0.57) · 최대낙폭 -42% · 가장 나쁜 창 연30.0% | N18: =IF($A18="Y",$B18&"|"&COUNTIFS($A$7:$A18,"Y",$B$7:$B18,$B18),"")
... A56: N | B56: 해외주식 | C56: GE에어로스페이스 | D56: 산업재 | E56: — | F56: 441조원 | G56: 다년 실측 | H56: 5해 | I56: 0.4306 | J56: 0.3175 | K56: -0.383 | L56: — | M56: 5해 연43.1% · 변동성 31.8% (위험대비 1.27) · 최대낙폭 -38% · 가장 나쁜 창 연9.8% | N56: =IF($A56="Y",$B56&"|"&COUNTIFS($A$7:$A56,"Y",$B$7:$B56,$B56),"")
A57: Y | B57: 국내ETF | C57: PLUS 고배당주 | D57: 일반 | E57: 한화자산운용 | F57: 2조원 | G57: 다년 실측 | H57: 5해 | I57: 0.2077 | J57: 0.2007 | K57: -0.2069 | L57: 0.0023 | M57: 5해 연20.8% · 변동성 20.1% (위험대비 0.89) · 최대낙폭 -21% · 보수 0.23% · 가장 나쁜 창 연20.8% | N57: =IF($A57="Y",$B57&"|"&COUNTIFS($A$7:$A57,"Y",$B$7:$B57,$B57),"")
A58: Y | B58: 국내ETF | C58: KODEX 단기변동금리부채권액티브 | D58: 일반 | E58: 삼성자산운용(ETF) | F58: 2,797억원 | G58: 다년 실측 | H58: 5해 | I58: 0.0276 | J58: 0.0029 | K58: -0.0022 | L58: 0.0015 | M58: 5해 연2.8% · 변동성 0.3% (위험대비 -0.17) · 최대낙폭 -0% · 보수 0.15% · 가장 나쁜 창 연2.5% | N58: =IF($A58="Y",$B58&"|"&COUNTIFS($A$7:$A58,"Y",$B$7:$B58,$B58),"")
A59: Y | B59: 국내ETF | C59: TIGER 우량회사채액티브 | D59: 일반 | E59: 미래에셋자산운용 | F59: 4,999억원 | G59: 다년 실측 | H59: 3해 | I59: 0.0382 | J59: 0.0245 | K59: -0.0272 | L59: 0.001 | M59: 3해 연3.8% · 변동성 2.5% (위험대비 0.41) · 최대낙폭 -3% · 보수 0.10% · 가장 나쁜 창 연-1.3% | N59: =IF($A59="Y",$B59&"|"&COUNTIFS($A$7:$A59,"Y",$B$7:$B59,$B59),"")
A60: N | B60: 국내ETF | C60: RISE 중기우량회사채 | D60: 일반 | E60: KB자산운용 | F60: 2,987억원 | G60: 다년 실측 | H60: 5해 | I60: 0.02 | J60: 0.017 | K60: -0.0555 | L60: 0.0007 | M60: 5해 연2.0% · 변동성 1.7% (위험대비 -0.48) · 최대낙폭 -6% · 보수 0.07% · 가장 나쁜 창 연-0.8% | N60: =IF($A60="Y",$B60&"|"&COUNTIFS($A$7:$A60,"Y",$B$7:$B60,$B60),"")
A61: Y | B61: 국내ETF | C61: ACE KRX금현물 | D61: 일반 | E61: 한국투자신탁운용 | F61: 4조원 | G61: 다년 실측 | H61: 3해 | I61: 0.3125 | J61: 0.2508 | K61: -0.3209 | L61: 0.0019 | M61: 3해 연31.2% · 변동성 25.1% (위험대비 1.13) · 최대낙폭 -32% · 보수 0.19% · 가장 나쁜 창 연20.8% | N61: =IF($A61="Y",$B61&"|"&COUNTIFS($A$7:$A61,"Y",$B$7:$B61,$B61),"")
A62: Y | B62: 국내ETF | C62: KODEX 은행 | D62: 일반 | E62: 삼성자산운용(ETF) | F62: 2,941억원 | G62: 다년 실측 | H62: 5해 | I62: 0.23 | J62: 0.2703 | K62: -0.3205 | L62: 0.003 | M62: 5해 연23.0% · 변동성 27.0% (위험대비 0.75) · 최대낙폭 -32% · 보수 0.30% · 가장 나쁜 창 연23.0% | N62: =IF($A62="Y",$B62&"|"&COUNTIFS($A$7:$A62,"Y",$B$7:$B62,$B62),"")
A63: N | B63: 국내ETF | C63: SOL 종합채권(AA-이상)액티브 | D63: 일반 | E63: 신한자산운용 | F63: 1조원 | G63: 다년 실측 | H63: 3해 | I63: 0.0213 | J63: 0.0485 | K63: -0.075 | L63: 0.0004 | M63: 3해 연2.1% · 변동성 4.8% (위험대비 -0.14) · 최대낙폭 -8% · 보수 0.04% · 가장 나쁜 창 연-6.0% | N63: =IF($A63="Y",$B63&"|"&COUNTIFS($A$7:$A63,"Y",$B$7:$B63,$B63),"")
A64: N | B64: 국내ETF | C64: TIGER 종합채권(AA-이상)액티브 | D64: 일반 | E64: 미래에셋자산운용 | F64: 1조원 | G64: 다년 실측 | H64: 3해 | I64: 0.0211 | J64: 0.0371 | K64: -0.0762 | L64: 0.0003 | M64: 3해 연2.1% · 변동성 3.7% (위험대비 -0.19) · 최대낙폭 -8% · 보수 0.03% · 가장 나쁜 창 연-6.1% | N64: =IF($A64="Y",$B64&"|"&COUNTIFS($A$7:$A64,"Y",$B$7:$B64,$B64),"")
A65: N | B65: 국내ETF | C65: RISE 삼성그룹Top3채권혼합 | D65: 일반 | E65: KB자산운용 | F65: 3,260억원 | G65: 다년 실측 | H65: 3해 | I65: 0.14 | J65: 0.1362 | K65: -0.1117 | L65: 0.002 | M65: 3해 연14.0% · 변동성 13.6% (위험대비 0.82) · 최대낙폭 -11% · 보수 0.20% · 가장 나쁜 창 연14.0% | N65: =IF($A65="Y",$B65&"|"&COUNTIFS($A$7:$A65,"Y",$B$7:$B65,$B65),"")
A66: N | B66: 국내ETF | C66: PLUS 고배당주채권혼합 | D66: 일반 | E66: 한화자산운용 | F66: 5,956억원 | G66: 다년 실측 | H66: 5해 | I66: 0.094 | J66: 0.0934 | K66: -0.1106 | L66: 0.002 | M66: 5해 연9.4% · 변동성 9.3% (위험대비 0.71) · 최대낙폭 -11% · 보수 0.20% · 가장 나쁜 창 연9.4% | N66: =IF($A66="Y",$B66&"|"&COUNTIFS($A$7:$A66,"Y",$B$7:$B66,$B66),"")
A67: N | B67: 국내ETF | C67: ACE 종합채권(AA-이상)액티브 | D67: 일반 | E67: 한국투신운용(ETF) | F67: 1조원 | G67: 다년 실측 | H67: 5해 | I67: 0.0059 | J67: 0.0423 | K67: -0.114 | L67: 0.0002 | M67: 5해 연0.6% · 변동성 4.2% (위험대비 -0.52) · 최대낙폭 -11% · 보수 0.02% · 가장 나쁜 창 연-5.9% | N67: =IF($A67="Y",$B67&"|"&COUNTIFS($A$7:$A67,"Y",$B$7:$B67,$B67),"")
A68: N | B68: 국내ETF | C68: ACE 국고채10년 | D68: 일반 | E68: 한국투신운용(ETF) | F68: 5,152억원 | G68: 다년 실측 | H68: 5해 | I68: -0.0101 | J68: 0.0683 | K68: -0.1778 | L68: 0.0002 | M68: 5해 연-1.0% · 변동성 6.8% (위험대비 -0.56) · 최대낙폭 -18% · 보수 0.02% · 가장 나쁜 창 연-7.8% | N68: =IF($A68="Y",$B68&"|"&COUNTIFS($A$7:$A68,"Y",$B$7:$B68,$B68),"")
A69: N | B69: 국내ETF | C69: KIWOOM 국고채10년 | D69: 일반 | E69: 키움투자자산운용 | F69: 4,141억원 | G69: 다년 실측 | H69: 5해 | I69: -0.0107 | J69: 0.0681 | K69: -0.1803 | L69: 0.0005 | M69: 5해 연-1.1% · 변동성 6.8% (위험대비 -0.57) · 최대낙폭 -18% · 보수 0.05% · 가장 나쁜 창 연-7.9% | N69: =IF($A69="Y",$B69&"|"&COUNTIFS($A$7:$A69,"Y",$B$7:$B69,$B69),"")
A70: N | B70: 국내ETF | C70: SOL 국제금 | D70: 일반 | E70: 신한자산운용 | F70: 922억원 | G70: 미측정 | H70: — | I70: — | J70: — | K70: — | L70: 0.0005 | M70: 보수 0.05% · 시세가 없어 변동성·낙폭을 못 쟀습니다 | N70: =IF($A70="Y",$B70&"|"&COUNTIFS($A$7:$A70,"Y",$B$7:$B70,$B70),"")
A71: N | B71: 국내ETF | C71: SOL 200 Top10 | D71: 대형주TOP10 | E71: — | F71: — | G71: 다년 실측 | H71: 3해 | I71: 0.2455 | J71: 0.3238 | K71: -0.3451 | L71: — | M71: 3해 연24.6% · 변동성 32.4% (위험대비 0.67) · 최대낙폭 -35% · 가장 나쁜 창 연24.6% | N71: =IF($A71="Y",$B71&"|"&COUNTIFS($A$7:$A71,"Y",$B$7:$B71,$B71),"")
A72: N | B72: 국내ETF | C72: KIWOOM 단기자금 | D72: 일반 | E72: 키움투자자산운용 | F72: 681억원 | G72: 다년 실측 | H72: 5해 | I72: 0.027 | J72: 0.0056 | K72: -0.0077 | L72: 0.0005 | M72: 5해 연2.7% · 변동성 0.6% (위험대비 -0.20) · 최대낙폭 -1% · 보수 0.05% · 가장 나쁜 창 연2.4% | N72: =IF($A72="Y",$B72&"|"&COUNTIFS($A$7:$A72,"Y",$B$7:$B72,$B72),"")
A73: N | B73: 국내ETF | C73: TIGER 반도체TOP10 | D73: 반도체/IT | E73: — | F73: — | G73: 다년 실측 | H73: 3해 | I73: 0.5674 | J73: 0.5171 | K73: -0.5251 | L73: — | M73: 3해 연56.7% · 변동성 51.7% (위험대비 1.04) · 최대낙폭 -53% · 가장 나쁜 창 연56.7% | N73: =IF($A73="Y",$B73&"|"&COUNTIFS($A$7:$A73,"Y",$B$7:$B73,$B73),"")
A74: N | B74: 국내ETF | C74: TIGER 코리아TOP10 | D74: 대형주TOP10 | E74: — | F74: — | G74: 다년 실측 | H74: 5해 | I74: 0.2219 | J74: 0.3274 | K74: -0.4009 | L74: — | M74: 5해 연22.2% · 변동성 32.7% (위험대비 0.59) · 최대낙폭 -40% · 가장 나쁜 창 연22.2% | N74: =IF($A74="Y",$B74&"|"&COUNTIFS($A$7:$A74,"Y",$B$7:$B74,$B74),"")
A75: N | B75: 국내ETF | C75: ACE 코스피 | D75: KOSPI | E75: — | F75: — | G75: 다년 실측 | H75: 5해 | I75: 0.1846 | J75: 0.2839 | K75: -0.3849 | L75: — | M75: 5해 연18.5% · 변동성 28.4% (위험대비 0.55) · 최대낙폭 -38% · 가장 나쁜 창 연18.5% | N75: =IF($A75="Y",$B75&"|"&COUNTIFS($A$7:$A75,"Y",$B$7:$B75,$B75),"")
A76: N | B76: 국내ETF | C76: TIGER K방산&우주 | D76: K-우주방산 | E76: — | F76: — | G76: 다년 실측 | H76: 3해 | I76: 0.4601 | J76: 0.4922 | K76: -0.4614 | L76: — | M76: 3해 연46.0% · 변동성 49.2% (위험대비 0.88) · 최대낙폭 -46% · 가장 나쁜 창 연17.8% | N76: =IF($A76="Y",$B76&"|"&COUNTIFS($A$7:$A76,"Y",$B$7:$B76,$B76),"")
A77: N | B77: 국내ETF | C77: TIGER 중장기국채 | D77: 채권형 | E77: — | F77: — | G77: 다년 실측 | H77: 5해 | I77: 0.0007 | J77: 0.0451 | K77: -0.1197 | L77: — | M77: 5해 연0.1% · 변동성 4.5% (위험대비 -0.61) · 최대낙폭 -12% · 가장 나쁜 창 연-4.5% | N77: =IF($A77="Y",$B77&"|"&COUNTIFS($A$7:$A77,"Y",$B$7:$B77,$B77),"")
A78: N | B78: 국내ETF | C78: TIGER 코스닥150 | D78: KOSDAQ | E78: — | F78: — | G78: 다년 실측 | H78: 5해 | I78: -0.0109 | J78: 0.3528 | K78: -0.4959 | L78: — | M78: 5해 연-1.1% · 변동성 35.3% (위험대비 -0.11) · 최대낙폭 -50% · 가장 나쁜 창 연-2.1% | N78: =IF($A78="Y",$B78&"|"&COUNTIFS($A$7:$A78,"Y",$B$7:$B78,$B78),"")
A79: N | B79: 국내ETF | C79: TIGER 배당커버드콜액티브 | D79: 배당/커버드콜 | E79: — | F79: — | G79: 1해 실측 | H79: 1해 | I79: 1.2274 | J79: 0.5555 | K79: -0.4064 | L79: — | M79: 1해 연122.7% · 변동성 55.5% (위험대비 2.16) · 최대낙폭 -41% | N79: =IF($A79="Y",$B79&"|"&COUNTIFS($A$7:$A79,"Y",$B$7:$B79,$B79),"")
A80: N | B80: 국내ETF | C80: TIGER 코리아테크액티브 | D80: 반도체/IT | E80: — | F80: — | G80: 1해 실측 | H80: 1해 | I80: 2.1087 | J80: 0.6484 | K80: -0.4977 | L80: — | M80: 1해 연210.9% · 변동성 64.8% (위험대비 3.21) · 최대낙폭 -50% | N80: =IF($A80="Y",$B80&"|"&COUNTIFS($A$7:$A80,"Y",$B$7:$B80,$B80),"")
A81: N | B81: 국내ETF | C81: TIGER 글로벌AI전력인프라액티브 | D81: 원자력&전력인프라 | E81: — | F81: — | G81: 1해 실측 | H81: 1해 | I81: 0.4944 | J81: 0.4883 | K81: -0.3893 | L81: — | M81: 1해 연49.4% · 변동성 48.8% (위험대비 0.95) · 최대낙폭 -39% | N81: =IF($A81="Y",$B81&"|"&COUNTIFS($A$7:$A81,"Y",$B$7:$B81,$B81),"")
A82: Y | B82: 해외ETF | C82: RISE 글로벌자산배분액티브 | D82: 일반 | E82: KB자산운용 | F82: 2,812억원 | G82: 다년 실측 | H82: 3해 | I82: 0.1274 | J82: 0.073 | K82: -0.0805 | L82: 0.0001 | M82: 3해 연12.7% · 변동성 7.3% (위험대비 1.36) · 최대낙폭 -8% · 보수 0.01% · 가장 나쁜 창 연6.8% | N82: =IF($A82="Y",$B82&"|"&COUNTIFS($A$7:$A82,"Y",$B$7:$B82,$B82),"")
A83: Y | B83: 해외ETF | C83: ACE 미국배당다우존스 | D83: 일반 | E83: 한국투신운용(ETF) | F83: 9,703억원 | G83: 다년 실측 | H83: 3해 | I83: 0.1576 | J83: 0.1409 | K83: -0.1321 | L83: 0.0001 | M83: 3해 연15.8% · 변동성 14.1% (위험대비 0.92) · 최대낙폭 -13% · 보수 0.01% · 가장 나쁜 창 연15.8% | N83: =IF($A83="Y",$B83&"|"&COUNTIFS($A$7:$A83,"Y",$B$7:$B83,$B83),"")
A84: Y | B84: 해외ETF | C84: ACE 미국나스닥100미국채혼합50액티브 | D84: 일반 | E84: 한국투자신탁운용 | F84: 9,455억원 | G84: 다년 실측 | H84: 3해 | I84: 0.1323 | J84: 0.0982 | K84: -0.1486 | L84: 0.0015 | M84: 3해 연13.2% · 변동성 9.8% (위험대비 1.06) · 최대낙폭 -15% · 보수 0.15% · 가장 나쁜 창 연11.6% | N84: =IF($A84="Y",$B84&"|"&COUNTIFS($A$7:$A84,"Y",$B$7:$B84,$B84),"")
A85: N | B85: 해외ETF | C85: SOL 미국S&P500 | D85: 일반 | E85: 신한자산운용 | F85: 2,987억원 | G85: 다년 실측 | H85: 3해 | I85: 0.2146 | J85: 0.1556 | K85: -0.1924 | L85: 4.7e-05 | M85: 3해 연21.5% · 변동성 15.6% (위험대비 1.20) · 최대낙폭 -19% · 보수 0.00% · 가장 나쁜 창 연16.8% | N85: =IF($A85="Y",$B85&"|"&COUNTIFS($A$7:$A85,"Y",$B$7:$B85,$B85),"")
A86: Y | B86: 해외ETF | C86: SOL 미국TOP5채권혼합50 | D86: 일반 | E86: 신한자산운용 | F86: 1,248억원 | G86: 다년 실측 | H86: 3해 | I86: 0.1197 | J86: 0.098 | K86: -0.113 | L86: 0.0025 | M86: 3해 연12.0% · 변동성 9.8% (위험대비 0.93) · 최대낙폭 -11% · 보수 0.25% · 가장 나쁜 창 연11.9% | N86: =IF($A86="Y",$B86&"|"&COUNTIFS($A$7:$A86,"Y",$B$7:$B86,$B86),"")
A87: N | B87: 해외ETF | C87: ACE 엔비디아채권혼합 | D87: 일반 | E87: 한국투신운용(ETF) | F87: 2,464억원 | G87: 다년 실측 | H87: 3해 | I87: 0.222 | J87: 0.1681 | K87: -0.139 | L87: 0.0007 | M87: 3해 연22.2% · 변동성 16.8% (위험대비 1.15) · 최대낙폭 -14% · 보수 0.07% · 가장 나쁜 창 연9.9% | N87: =IF($A87="Y",$B87&"|"&COUNTIFS($A$7:$A87,"Y",$B$7:$B87,$B87),"")
A88: N | B88: 해외ETF | C88: KODEX 미국배당커버드콜액티브 | D88: 커버드콜 | E88: 삼성자산운용(ETF) | F88: 2조원 | G88: 다년 실측 | H88: 3해 | I88: 0.1642 | J88: 0.1268 | K88: -0.137 | L88: 0.0019 | M88: 3해 연16.4% · 변동성 12.7% (위험대비 1.07) · 최대낙폭 -14% · 보수 0.19% · 가장 나쁜 창 연14.1% | N88: =IF($A88="Y",$B88&"|"&COUNTIFS($A$7:$A88,"Y",$B$7:$B88,$B88),"")
A89: N | B89: 해외ETF | C89: KODEX 미국종합채권ESG액티브(H) | D89: 일반 | E89: 삼성자산운용(ETF) | F89: 2,227억원 | G89: 다년 실측 | H89: 3해 | I89: 0.0224 | J89: 0.0516 | K89: -0.0464 | L89: 0.0018 | M89: 3해 연2.2% · 변동성 5.2% (위험대비 -0.11) · 최대낙폭 -5% · 보수 0.18% · 가장 나쁜 창 연-1.4% | N89: =IF($A89="Y",$B89&"|"&COUNTIFS($A$7:$A89,"Y",$B$7:$B89,$B89),"")
A90: N | B90: 해외ETF | C90: TIGER 일본니케이225 | D90: 일반 | E90: 미래에셋자산운용 | F90: 3,967억원 | G90: 다년 실측 | H90: 5해 | I90: 0.1541 | J90: 0.2107 | K90: -0.2394 | L90: 0.0035 | M90: 5해 연15.4% · 변동성 21.1% (위험대비 0.60) · 최대낙폭 -24% · 보수 0.35% · 가장 나쁜 창 연15.4% | N90: =IF($A90="Y",$B90&"|"&COUNTIFS($A$7:$A90,"Y",$B$7:$B90,$B90),"")
A91: N | B91: 해외ETF | C91: TIGER 테슬라채권혼합Fn | D91: 일반 | E91: 미래에셋자산운용 | F91: 4,393억원 | G91: 다년 실측 | H91: 3해 | I91: 0.0867 | J91: 0.2019 | K91: -0.2107 | L91: 0.0025 | M91: 3해 연8.7% · 변동성 20.2% (위험대비 0.29) · 최대낙폭 -21% · 보수 0.25% · 가장 나쁜 창 연1.2% | N91: =IF($A91="Y",$B91&"|"&COUNTIFS($A$7:$A91,"Y",$B$7:$B91,$B91),"")
A92: N | B92: 해외ETF | C92: ACE 미국30년국채액티브(H) | D92: 일반 | E92: 한국투자신탁운용 | F92: 1조원 | G92: 다년 실측 | H92: 3해 | I92: -0.0398 | J92: 0.137 | K92: -0.1731 | L92: 0.0005 | M92: 3해 연-4.0% · 변동성 13.7% (위험대비 -0.50) · 최대낙폭 -17% · 보수 0.05% · 가장 나쁜 창 연-4.0% | N92: =IF($A92="Y",$B92&"|"&COUNTIFS($A$7:$A92,"Y",$B$7:$B92,$B92),"")
A93: N | B93: 해외ETF | C93: RISE 미국테크100데일리고정커버드콜 | D93: 커버드콜 | E93: KB자산운용 | F93: 5,772억원 | G93: 1해 실측 | H93: 1해 | I93: 0.2319 | J93: 0.1842 | K93: -0.1436 | L93: 0.0025 | M93: 1해 연23.2% · 변동성 18.4% (위험대비 1.11) · 최대낙폭 -14% · 보수 0.25% | N93: =IF($A93="Y",$B93&"|"&COUNTIFS($A$7:$A93,"Y",$B$7:$B93,$B93),"")
A94: N | B94: 해외ETF | C94: TIME 글로벌우주테크&방산액티브 | D94: 일반 | E94: 타임폴리오자산운용 | F94: 2,248억원 | G94: 1해 실측 | H94: 1해 | I94: 0.0286 | J94: 0.2643 | K94: -0.2932 | L94: 0.008 | M94: 1해 연2.9% · 변동성 26.4% (위험대비 0.00) · 최대낙폭 -29% · 보수 0.80% | N94: =IF($A94="Y",$B94&"|"&COUNTIFS($A$7:$A94,"Y",$B$7:$B94,$B94),"")
A95: Y | B95: 해외ETF | C95: SPDR 금 | D95: 대체 | E95: — | F95: — | G95: 다년 실측 | H95: 5해 | I95: 0.2325 | J95: 0.2006 | K95: -0.2618 | L95: — | M95: 5해 연23.2% · 변동성 20.1% (위험대비 1.02) · 최대낙폭 -26% · 가장 나쁜 창 연19.8% | N95: =IF($A95="Y",$B95&"|"&COUNTIFS($A$7:$A95,"Y",$B$7:$B95,$B95),"")
A96: N | B96: 해외ETF | C96: Invesco 원자재 | D96: 대체 | E96: — | F96: — | G96: 다년 실측 | H96: 5해 | I96: 0.1838 | J96: 0.2098 | K96: -0.25 | L96: — | M96: 5해 연18.4% · 변동성 21.0% (위험대비 0.74) · 최대낙폭 -25% · 가장 나쁜 창 연15.7% | N96: =IF($A96="Y",$B96&"|"&COUNTIFS($A$7:$A96,"Y",$B$7:$B96,$B96),"")
A97: N | B97: 해외ETF | C97: iShares 미국채 1-3년 | D97: 채권 | E97: — | F97: — | G97: 다년 실측 | H97: 5해 | I97: 0.0531 | J97: 0.0968 | K97: -0.1396 | L97: — | M97: 5해 연5.3% · 변동성 9.7% (위험대비 0.26) · 최대낙폭 -14% · 가장 나쁜 창 연2.2% | N97: =IF($A97="Y",$B97&"|"&COUNTIFS($A$7:$A97,"Y",$B$7:$B97,$B97),"")
A98: N | B98: 해외ETF | C98: iShares 하이일드 회사채 | D98: 채권 | E98: — | F98: — | G98: 다년 실측 | H98: 5해 | I98: 0.0709 | J98: 0.1136 | K98: -0.1402 | L98: — | M98: 5해 연7.1% · 변동성 11.4% (위험대비 0.38) · 최대낙폭 -14% · 가장 나쁜 창 연3.5% | N98: =IF($A98="Y",$B98&"|"&COUNTIFS($A$7:$A98,"Y",$B$7:$B98,$B98),"")
A99: N | B99: 해외ETF | C99: TIGER 미국투자등급회사채액티브(H) | D99: 채권형 | E99: — | F99: — | G99: 다년 실측 | H99: 3해 | I99: 0.0194 | J99: 0.0769 | K99: -0.0713 | L99: — | M99: 3해 연1.9% · 변동성 7.7% (위험대비 -0.11) · 최대낙폭 -7% · 가장 나쁜 창 연-2.0% | N99: =IF($A99="Y",$B99&"|"&COUNTIFS($A$7:$A99,"Y",$B$7:$B99,$B99),"")
A100: N | B100: 해외ETF | C100: Vanguard 배당성장 | D100: 주식 | E100: — | F100: — | G100: 다년 실측 | H100: 5해 | I100: 0.1402 | J100: 0.1641 | K100: -0.1365 | L100: — | M100: 5해 연14.0% · 변동성 16.4% (위험대비 0.68) · 최대낙폭 -14% · 가장 나쁜 창 연12.4% | N100: =IF($A100="Y",$B100&"|"&COUNTIFS($A$7:$A100,"Y",$B$7:$B100,$B100),"")
A101: N | B101: 해외ETF | C101: Schwab 미국 배당주 | D101: 주식 | E101: — | F101: — | G101: 다년 실측 | H101: 5해 | I101: 0.1353 | J101: 0.1663 | K101: -0.1455 | L101: — | M101: 5해 연13.5% · 변동성 16.6% (위험대비 0.64) · 최대낙폭 -15% · 가장 나쁜 창 연13.5% | N101: =IF($A101="Y",$B101&"|"&COUNTIFS($A$7:$A101,"Y",$B$7:$B101,$B101),"")
A102: N | B102: 해외ETF | C102: Vanguard 미국 전체시장 | D102: 주식 | E102: — | F102: — | G102: 다년 실측 | H102: 5해 | I102: 0.1574 | J102: 0.1895 | K102: -0.1826 | L102: — | M102: 5해 연15.7% · 변동성 18.9% (위험대비 0.68) · 최대낙폭 -18% · 가장 나쁜 창 연15.7% | N102: =IF($A102="Y",$B102&"|"&COUNTIFS($A$7:$A102,"Y",$B$7:$B102,$B102),"")
A103: N | B103: 해외ETF | C103: Vanguard 선진국(미국 제외) | D103: 주식 | E103: — | F103: — | G103: 다년 실측 | H103: 5해 | I103: 0.1349 | J103: 0.1707 | K103: -0.1538 | L103: — | M103: 5해 연13.5% · 변동성 17.1% (위험대비 0.63) · 최대낙폭 -15% · 가장 나쁜 창 연13.5% | N103: =IF($A103="Y",$B103&"|"&COUNTIFS($A$7:$A103,"Y",$B$7:$B103,$B103),"")
A104: N | B104: 해외ETF | C104: iShares 미국 종합채권 | D104: 채권 | E104: — | F104: — | G104: 다년 실측 | H104: 5해 | I104: 0.0301 | J104: 0.1102 | K104: -0.1544 | L104: — | M104: 5해 연3.0% · 변동성 11.0% (위험대비 0.02) · 최대낙폭 -15% · 가장 나쁜 창 연-0.0% | N104: =IF($A104="Y",$B104&"|"&COUNTIFS($A$7:$A104,"Y",$B$7:$B104,$B104),"")
A105: N | B105: 해외ETF | C105: TIGER 미국필라델피아반도체나스닥 | D105: 반도체&A.I. | E105: — | F105: — | G105: 다년 실측 | H105: 5해 | I105: 0.329 | J105: 0.3539 | K105: -0.3968 | L105: — | M105: 5해 연32.9% · 변동성 35.4% (위험대비 0.85) · 최대낙폭 -40% · 가장 나쁜 창 연32.9% | N105: =IF($A105="Y",$B105&"|"&COUNTIFS($A$7:$A105,"Y",$B$7:$B105,$B105),"")
A106: N | B106: 해외ETF | C106: Vanguard 신흥국 | D106: 주식 | E106: — | F106: — | G106: 다년 실측 | H106: 5해 | I106: 0.0971 | J106: 0.1743 | K106: -0.1624 | L106: — | M106: 5해 연9.7% · 변동성 17.4% (위험대비 0.40) · 최대낙폭 -16% · 가장 나쁜 창 연9.7% | N106: =IF($A106="Y",$B106&"|"&COUNTIFS($A$7:$A106,"Y",$B$7:$B106,$B106),"")
... A108: Y | B108: 국내펀드 | C108: KB스타단기플러스증권투자신탁(채권)(운용) | D108: 국내채권형 | E108: 케이비자산운용 | F108: 1,362억원 | G108: 다년 실측 | H108: 3해 | I108: 0.0256 | J108: 0.0223 | K108: -0.0305 | L108: 0.05~0.06% | M108: 3해 연2.6% · 변동성 2.2% (위험대비 -0.11) (달 간격) · 최대낙폭 -3% · 보수 0.05% · 가장 나쁜 창 연1.7% | N108: =IF($A108="Y",$B108&"|"&COUNTIFS($A$7:$A108,"Y",$B$7:$B108,$B108),"")
A109: N | B109: 국내펀드 | C109: 우리단기플러스증권투자신탁(채권)[운용] | D109: 국내채권형 | E109: 우리자산운용 | F109: 3,686억원 | G109: 다년 실측 | H109: 3해 | I109: 0.0273 | J109: 0.0246 | K109: -0.0341 | L109: 0.0005 | M109: 3해 연2.7% · 변동성 2.5% (위험대비 -0.03) (달 간격) · 최대낙폭 -3% · 보수 0.05% · 가장 나쁜 창 연1.9% | N109: =IF($A109="Y",$B109&"|"&COUNTIFS($A$7:$A109,"Y",$B$7:$B109,$B109),"")
A110: Y | B110: 국내펀드 | C110: 마이다스거북이90증권자투자신탁 1(주식)(운용) | D110: 국내대체 | E110: 마이다스에셋자산운용 | F110: 1,977억원 | G110: 다년 실측 | H110: 3해 | I110: 0.1644 | J110: 0.0808 | K110: -0.0366 | L110: 0.59~2.09% | M110: 3해 연16.4% · 변동성 8.1% (위험대비 1.69) (달 간격) · 최대낙폭 -4% · 보수 0.59% · 가장 나쁜 창 연16.4% | N110: =IF($A110="Y",$B110&"|"&COUNTIFS($A$7:$A110,"Y",$B$7:$B110,$B110),"")
A111: N | B111: 국내펀드 | C111: 코레이트더블루B증권투자신탁[채권]운용 | D111: 국내채권형 | E111: 코레이트자산운용 | F111: 168억원 | G111: 다년 실측 | H111: 3해 | I111: 0.0435 | J111: 0.0046 | K111: 0 | L111: 0.0013 | M111: 3해 연4.3% · 변동성 0.5% (위험대비 3.35) (달 간격) · 최대낙폭 0% · 보수 0.13% · 가장 나쁜 창 연3.5% | N111: =IF($A111="Y",$B111&"|"&COUNTIFS($A$7:$A111,"Y",$B$7:$B111,$B111),"")
A112: Y | B112: 국내펀드 | C112: 이지스코어리테일부동산투자신탁 126 | D112: 국내대체 | E112: 이지스자산운용 | F112: 606억원 | G112: 다년 실측 | H112: 3해 | I112: 0.0469 | J112: — | K112: — | L112: 0.00~0.00% | M112: 3해 연4.7% (감정평가 기준가 — 시세가 아니라 위험을 못 쟀습니다) · 보수 0.00% · 가장 나쁜 창 연4.7% | N112: =IF($A112="Y",$B112&"|"&COUNTIFS($A$7:$A112,"Y",$B$7:$B112,$B112),"")
A113: N | B113: 국내펀드 | C113: DB정통크레딧증권자투자신탁[채권]운용 | D113: 국내채권형 | E113: 디비자산운용 | F113: 596억원 | G113: 다년 실측 | H113: 3해 | I113: 0.0348 | J113: 0.0152 | K113: -0.017 | L113: 0.14~0.37% | M113: 3해 연3.5% · 변동성 1.5% (위험대비 0.44) (달 간격) · 최대낙폭 -2% · 보수 0.14% · 가장 나쁜 창 연0.1% | N113: =IF($A113="Y",$B113&"|"&COUNTIFS($A$7:$A113,"Y",$B$7:$B113,$B113),"")
A114: N | B114: 국내펀드 | C114: 한화단기플러스증권투자신탁(채권)[운용] | D114: 국내채권형 | E114: 한화자산운용 | F114: 4,611억원 | G114: 다년 실측 | H114: 3해 | I114: 0.0127 | J114: 0.035 | K114: -0.0385 | L114: 0.0005 | M114: 3해 연1.3% · 변동성 3.5% (위험대비 -0.44) (달 간격) · 최대낙폭 -4% · 보수 0.05% · 가장 나쁜 창 연1.3% | N114: =IF($A114="Y",$B114&"|"&COUNTIFS($A$7:$A114,"Y",$B$7:$B114,$B114),"")
A115: N | B115: 국내펀드 | C115: 칸서스내일드림튼튼단기채증권투자신탁 1(채권) | D115: 국내채권형 | E115: 칸서스자산운용 | F115: 284억원 | G115: 다년 실측 | H115: 3해 | I115: 0.0214 | J115: 0.0245 | K115: -0.0381 | L115: 0.14~0.36% | M115: 3해 연2.1% · 변동성 2.5% (위험대비 -0.27) (달 간격) · 최대낙폭 -4% · 보수 0.14% · 가장 나쁜 창 연2.1% | N115: =IF($A115="Y",$B115&"|"&COUNTIFS($A$7:$A115,"Y",$B$7:$B115,$B115),"")
A116: N | B116: 국내펀드 | C116: 삼성ESG밸류채권증권투자신탁 1[채권] | D116: 국내채권형 | E116: 삼성자산운용 | F116: 3,379억원 | G116: 다년 실측 | H116: 3해 | I116: 0.0204 | J116: 0.0328 | K116: -0.0465 | L116: 0.08~0.38% | M116: 3해 연2.0% · 변동성 3.3% (위험대비 -0.23) (달 간격) · 최대낙폭 -5% · 보수 0.08% · 가장 나쁜 창 연0.6% | N116: =IF($A116="Y",$B116&"|"&COUNTIFS($A$7:$A116,"Y",$B$7:$B116,$B116),"")
A117: Y | B117: 국내펀드 | C117: 우리반도체BIG2플러스증권투자신탁(채권혼합) | D117: 국내혼합형 | E117: 우리자산운용 | F117: 4,145억원 | G117: 다년 실측 | H117: 3해 | I117: 0.2141 | J117: 0.1545 | K117: -0.093 | L117: 0.34~0.89% | M117: 3해 연21.4% · 변동성 15.4% (위험대비 1.20) (달 간격) · 최대낙폭 -9% · 보수 0.34% · 가장 나쁜 창 연21.4% | N117: =IF($A117="Y",$B117&"|"&COUNTIFS($A$7:$A117,"Y",$B$7:$B117,$B117),"")
A118: N | B118: 국내펀드 | C118: 마이다스K200인덱스알파증권자투자신탁(주식-파생형)(운용) | D118: 국내주식형 | E118: 마이다스에셋자산운용 | F118: 494억원 | G118: 다년 실측 | H118: 3해 | I118: 0.509 | J118: 0.3986 | K118: -0.2336 | L118: 0.06~0.15% | M118: 3해 연50.9% · 변동성 39.9% (위험대비 1.21) (달 간격) · 최대낙폭 -23% · 보수 0.06% · 가장 나쁜 창 연50.9% | N118: =IF($A118="Y",$B118&"|"&COUNTIFS($A$7:$A118,"Y",$B$7:$B118,$B118),"")
A119: N | B119: 국내펀드 | C119: KB스타ESG우량중단기채증권자투자신탁(채권)(운용) | D119: 국내채권형 | E119: 케이비자산운용 | F119: 596억원 | G119: 다년 실측 | H119: 3해 | I119: 0.0172 | J119: 0.0262 | K119: -0.0402 | L119: 0.10~0.29% | M119: 3해 연1.7% · 변동성 2.6% (위험대비 -0.42) (달 간격) · 최대낙폭 -4% · 보수 0.10% · 가장 나쁜 창 연-0.3% | N119: =IF($A119="Y",$B119&"|"&COUNTIFS($A$7:$A119,"Y",$B$7:$B119,$B119),"")
A120: N | B120: 국내펀드 | C120: 미래에셋스마트롱숏30증권자투자신탁 1(채권혼합) | D120: 국내대체 | E120: 미래에셋자산운용 | F120: 147억원 | G120: 다년 실측 | H120: 3해 | I120: 0.0419 | J120: 0.0782 | K120: -0.061 | L120: 0.50~1.10% | M120: 3해 연4.2% · 변동성 7.8% (위험대비 0.18) (달 간격) · 최대낙폭 -6% · 보수 0.50% · 가장 나쁜 창 연4.2% | N120: =IF($A120="Y",$B120&"|"&COUNTIFS($A$7:$A120,"Y",$B$7:$B120,$B120),"")
A121: N | B121: 국내펀드 | C121: 이지스리테일부동산투자신탁299 | D121: 국내대체 | E121: 이지스자산운용 | F121: 211억원 | G121: 다년 실측 | H121: 3해 | I121: 0.0398 | J121: — | K121: — | L121: 0.00064 | M121: 3해 연4.0% (감정평가 기준가 — 시세가 아니라 위험을 못 쟀습니다) · 보수 0.06% · 가장 나쁜 창 연4.0% | N121: =IF($A121="Y",$B121&"|"&COUNTIFS($A$7:$A121,"Y",$B$7:$B121,$B121),"")
A122: N | B122: 국내펀드 | C122: 신한퇴직연금커버드콜인덱스증권자투자신탁[주식혼합-파생형] (종류) | D122: 국내혼합형 | E122: 신한자산운용 | F122: 161억원 | G122: 다년 실측 | H122: 3해 | I122: 0.1302 | J122: 0.0872 | K122: -0.055 | L122: 0.56~0.79% | M122: 3해 연13.0% · 변동성 8.7% (위험대비 1.17) (달 간격) · 최대낙폭 -6% · 보수 0.56% · 가장 나쁜 창 연13.0% | N122: =IF($A122="Y",$B122&"|"&COUNTIFS($A$7:$A122,"Y",$B$7:$B122,$B122),"")
A123: N | B123: 국내펀드 | C123: 신영밸류고배당증권자투자신탁(주식)운용 | D123: 국내주식형 | E123: 신영자산운용 | F123: 8,311억원 | G123: 다년 실측 | H123: 3해 | I123: 0.3287 | J123: 0.2543 | K123: -0.1498 | L123: 0.45~1.35% | M123: 3해 연32.9% · 변동성 25.4% (위험대비 1.18) (달 간격) · 최대낙폭 -15% · 보수 0.45% · 가장 나쁜 창 연32.9% | N123: =IF($A123="Y",$B123&"|"&COUNTIFS($A$7:$A123,"Y",$B$7:$B123,$B123),"")
A124: N | B124: 국내펀드 | C124: 신한커버드콜인덱스증권자투자신탁[주식혼합-파생형] | D124: 국내혼합형 | E124: 신한자산운용 | F124: 161억원 | G124: 다년 실측 | H124: 3해 | I124: 0.223 | J124: 0.1433 | K124: -0.1049 | L124: 0.54~1.34% | M124: 3해 연22.3% · 변동성 14.3% (위험대비 1.36) (달 간격) · 최대낙폭 -10% · 보수 0.54% · 가장 나쁜 창 연22.3% | N124: =IF($A124="Y",$B124&"|"&COUNTIFS($A$7:$A124,"Y",$B$7:$B124,$B124),"")
A125: N | B125: 국내펀드 | C125: 대신KOSPI200인덱스증권자투자신탁[주식](운용) | D125: 국내주식형 | E125: 대신자산운용 | F125: 582억원 | G125: 다년 실측 | H125: 3해 | I125: 0.4877 | J125: 0.4041 | K125: -0.237 | L125: 0.20~0.80% | M125: 3해 연48.8% · 변동성 40.4% (위험대비 1.14) (달 간격) · 최대낙폭 -24% · 보수 0.20% · 가장 나쁜 창 연48.8% | N125: =IF($A125="Y",$B125&"|"&COUNTIFS($A$7:$A125,"Y",$B$7:$B125,$B125),"")
A126: N | B126: 국내펀드 | C126: 한국투자퇴직연금증권자투자신탁 1(채권) | D126: 국내채권형 | E126: 한국투자신탁운용 | F126: 221억원 | G126: 다년 실측 | H126: 3해 | I126: 0.0273 | J126: 0.0214 | K126: -0.0292 | L126: 0.14~0.54% | M126: 3해 연2.7% · 변동성 2.1% (위험대비 -0.04) (달 간격) · 최대낙폭 -3% · 보수 0.14% · 가장 나쁜 창 연-1.7% | N126: =IF($A126="Y",$B126&"|"&COUNTIFS($A$7:$A126,"Y",$B$7:$B126,$B126),"")
A127: N | B127: 국내펀드 | C127: BNKK200인덱스증권투자신탁(주식-파생형) | D127: 국내주식형 | E127: 비엔케이자산운용 | F127: 516억원 | G127: 다년 실측 | H127: 3해 | I127: 0.4905 | J127: 0.408 | K127: -0.2376 | L127: 0.17~0.95% | M127: 3해 연49.0% · 변동성 40.8% (위험대비 1.13) (달 간격) · 최대낙폭 -24% · 보수 0.17% · 가장 나쁜 창 연49.0% | N127: =IF($A127="Y",$B127&"|"&COUNTIFS($A$7:$A127,"Y",$B$7:$B127,$B127),"")
A128: N | B128: 국내펀드 | C128: 미래에셋퇴직플랜KRX100인덱스증권자투자신탁 1(주식혼합) | D128: 국내혼합형 | E128: 미래에셋자산운용 | F128: 185억원 | G128: 다년 실측 | H128: 3해 | I128: 0.2895 | J128: 0.2318 | K128: -0.1349 | L128: 0.44~0.65% | M128: 3해 연28.9% · 변동성 23.2% (위험대비 1.13) (달 간격) · 최대낙폭 -13% · 보수 0.44% · 가장 나쁜 창 연28.9% | N128: =IF($A128="Y",$B128&"|"&COUNTIFS($A$7:$A128,"Y",$B$7:$B128,$B128),"")
A129: N | B129: 국내펀드 | C129: 신영마라톤지주회사증권자투자신탁(주식)운용 | D129: 국내주식형 | E129: 신영자산운용 | F129: 316억원 | G129: 다년 실측 | H129: 3해 | I129: 0.4483 | J129: 0.3544 | K129: -0.2314 | L129: 0.52~1.49% | M129: 3해 연44.8% · 변동성 35.4% (위험대비 1.19) (달 간격) · 최대낙폭 -23% · 보수 0.52% · 가장 나쁜 창 연44.8% | N129: =IF($A129="Y",$B129&"|"&COUNTIFS($A$7:$A129,"Y",$B$7:$B129,$B129),"")
A130: N | B130: 국내펀드 | C130: 키움코리아인덱스증권자투자신탁 1[주식] | D130: 국내주식형 | E130: 키움투자자산운용 | F130: 131억원 | G130: 다년 실측 | H130: 3해 | I130: 0.4842 | J130: 0.4086 | K130: -0.2355 | L130: 0.21~1.22% | M130: 3해 연48.4% · 변동성 40.9% (위험대비 1.12) (달 간격) · 최대낙폭 -24% · 보수 0.21% · 가장 나쁜 창 연48.4% | N130: =IF($A130="Y",$B130&"|"&COUNTIFS($A$7:$A130,"Y",$B$7:$B130,$B130),"")
A131: N | B131: 국내펀드 | C131: 교보악사파워인덱스증권자투자신탁 2(주식)(운용) | D131: 국내주식형 | E131: 교보악사자산운용 | F131: 191억원 | G131: 다년 실측 | H131: 3해 | I131: 0.4859 | J131: 0.4063 | K131: -0.2397 | L131: 0.28~1.17% | M131: 3해 연48.6% · 변동성 40.6% (위험대비 1.13) (달 간격) · 최대낙폭 -24% · 보수 0.28% · 가장 나쁜 창 연48.6% | N131: =IF($A131="Y",$B131&"|"&COUNTIFS($A$7:$A131,"Y",$B$7:$B131,$B131),"")
A132: Y | B132: 해외펀드 | C132: 삼성누버거버먼이머징단기채권증권자투자신탁H[채권-재간접형] | D132: 해외채권형 | E132: 삼성자산운용 | F132: 234억원 | G132: 다년 실측 | H132: 3해 | I132: 0.0607 | J132: 0.0228 | K132: -0.0179 | L132: 0.23~1.13% | M132: 3해 연6.1% · 변동성 2.3% (위험대비 1.43) (달 간격) · 최대낙폭 -2% · 보수 0.23% · 가장 나쁜 창 연3.7% | N132: =IF($A132="Y",$B132&"|"&COUNTIFS($A$7:$A132,"Y",$B$7:$B132,$B132),"")
A133: Y | B133: 해외펀드 | C133: 미래에셋MSCIAC월드인덱스증권자투자신탁(주식)(UH) | D133: 해외주식형 | E133: 미래에셋자산운용 | F133: 132억원 | G133: 다년 실측 | H133: 3해 | I133: 0.2023 | J133: 0.1124 | K133: -0.0846 | L133: 0.27~0.97% | M133: 3해 연20.2% · 변동성 11.2% (위험대비 1.55) (달 간격) · 최대낙폭 -8% · 보수 0.27% · 가장 나쁜 창 연19.1% | N133: =IF($A133="Y",$B133&"|"&COUNTIFS($A$7:$A133,"Y",$B$7:$B133,$B133),"")
... A156: N | B156: 해외펀드 | C156: iM에셋글로벌자산배분증권투자신탁(주식혼합-재간접형)(H) | D156: 해외혼합형 | E156: 아이엠에셋자산운용 | F156: 178억원 | G156: 다년 실측 | H156: 3해 | I156: 0.1046 | J156: 0.0966 | K156: -0.0765 | L156: 0.80~2.07% | M156: 3해 연10.5% · 변동성 9.7% (위험대비 0.79) (달 간격) · 최대낙폭 -8% · 보수 0.80% · 가장 나쁜 창 연10.5% | N156: =IF($A156="Y",$B156&"|"&COUNTIFS($A$7:$A156,"Y",$B$7:$B156,$B156),"")

Sheet 출처
A2: 3 | B2: 자료 출처와 기준일
A4: 자산군 | B4: 원천 | C4: 종목 | D4: 기준일 | E4: 비고
A5: 펀드 | B5: 네이버 Npay 증권 + 금융투자협회 전자공시(투자지역) | C5: 1054 | D5: 2026-09-21 | E5: 보수는 클래스마다 달라 하나로 줄이지 않고 범위(feeMin~feeMax)로 싣습니다. 기간수익률은 **누적**입니다(ETF 는 연율이라 뜻이 다릅니다). 변동성·최대낙폭은 달 간격 기준가 계열에서 셈하고, 계열이 없으면 원천의 52 주 표준편차를 씁니다.
A6: 국내주식 | B6: 한국투자증권 오픈API (모의투자) — 100 종 (나머지 0 종은 야후 파이낸스) | C6: 100 | D6: 2026-09-18 | E6: 야후·네이버를 증권사 값으로 심판한 결과(data/prices_kis/verdict.txt) 야후가 갈리는 봉의 89.1%에서 틀렸으므로, 국내주식은 증권사 일봉으로 갈아 끼웠습니다. 시가총액도 같은 종가로 고쳐 셈했습니다.
A7: 해외주식 | B7: 야후 파이낸스 일봉 (자료 가지 us100-data) | C7: 100 | D7: 2026-09-29
A8: 국내ETF | B8: 네이버 금융 일봉 + 야후 차트 일봉(close, 배당 미보정) + ETFCHECK (https://www.etfcheck.co.kr) | C8: 247 | D8: 2026-09-29
A9: 해외ETF | B9: 한국투자증권 오픈API (모의투자, HHDFS76240000, 수정주가) | C9: 19 | D9: 2026-09-20
A12: 이 자료가 지키는 규칙
A13: 수익률계열 | B13: 주식·ETF 는 일봉에서 직접 셈합니다(최근 252 거래일). 펀드는 원천이 주는 1 년 수익률을 씁니다 — 두 계열은 기준일이 다를 수 있으므로 상품마다 asOf 를 답니다.
A14: 변동성 | B14: 일봉이 있는 상품만 연변동성(일간 로그수익률 표준편차 × √252)을 셈합니다. 펀드는 달 간격 기준가로 셈하고, 계열이 원천의 위험등급을 씁니다.
A15: 펀드보수 | B15: 클래스마다 달라 하나로 줄이지 않고 범위로 싣습니다.
A16: 해외펀드 | B16: 해외에 설정된 뮤추얼펀드가 아니라 해외에 투자하는, 국내 설정 공모펀드입니다.
A17: 최소설정액 | B17: 10000000000

Sheet 기대수익률
A2: 1 | B2: 자산군별 기대수익률 — 두 방식
A4: 기대수익률은 재는 것이 아니라 가정하는 것입니다. 서로 다른 두 길로 세워 보고 어긋나는 곳을 함께 적습니다.
A6: 자산군 | B6: ① 빌딩블록 | C6: ② 장기실적(8년) | D6: 차이 | E6: 비고
A7: 국내주식 | B7: 0.0781 | C7: 0.1488 | D7: 0.0707
A8: 해외주식 | B8: 0.0781 | C8: 0.1849 | D8: 0.1068
A9: 국내채권 | B9: 0.0361 | C9: 0.0105 | D9: -0.0256
A10: 해외채권 | B10: 0.0381 | C10: -0.0601 | D10: -0.0982
A11: 대체 | B11: 0.0481 | C11: 0.0939 | D11: 0.0458
A12: 현금성 | B12: 0.0281 | C12: 0.0281 | D12: 0
A14: · ① 무위험수익률 2.81% 는 짐작이 아니라 MMF 80종의 1년 수익률 중앙값(실측)입니다.
A15: · ① 의 리스크프리미엄은 가정입니다. 회사 자산배분본부의 장기 기대수익률(CMA)이 있으면 scripts/proposal_cma.py 의 PREMIUM 을 그 값으로 바꾸십시오 — 화면과 엑셀이 함께 따라옵니다.
A16: · ② 를 기준선으로 쓰지 않는 까닭: 창(2018~2026)이 강세장 한 국면에 갇혀 있어 주식이 18%대로 나오고, 같은 국내주식인데 프록시에 따라 TIGER 200 19.8% · 코스닥150 1.8% 로 20%p 가 갈립니다. 해외채권·대체는 5해를 채우는 원화 프록시가 없어 아예 덮지 못합니다.
A17: · ② 는 분배금이 빠진 가격 수익률이라 실제보다 낮게 나옵니다. 국내채권이 1.05%로 나오는 것이 그 편향입니다.
A18: · 달러 표시 ETF 로 장기 실적을 재지 않았습니다. 그 값은 환율이 빠진 달러 투자자의 수익률이지 한국 고객의 수익률이 아닙니다.
A21: 2 | B21: 제안 자산군에 적용한 값
A23: 자산군(국내ETF·해외펀드…)은 포장지라 그 자체로 기대수익률이 없습니다. 그 칸에 담긴 상품의 실제 노출로 위 ① 값을 섞어 낸 것입니다.
A25: 자산군 | B25: 기대수익률(가정) | C25: 섞은 노출
A26: 국내주식 | B26: 0.0781 | C26: 국내주식 100%
A27: 해외주식 | B27: 0.0781 | C27: 해외주식 100%
A28: 국내ETF | B28: 0.0553 | C28: 국내주식 40% · 국내채권 40% · 대체 20%
A29: 해외ETF | B29: 0.0561 | C29: 해외주식 40% · 해외채권 40% · 대체 20%
A30: 국내펀드 | B30: 0.0451 | C30: 국내채권 50% · 대체 40% · 국내주식 10%
A31: 해외펀드 | B31: 0.0561 | C31: 해외채권 40% · 해외주식 40% · 대체 20%
A32: 현금 | B32: 0.0281 | C32: 현금성 100%

Sheet 사용법
B2: 쓰는 법
B4: 1. 「제안서」 시트에서 파란 글씨 칸만 고칩니다 — 고객명·투자금액·투자기간·위험성향·목표 연수익률. 투자기간과 위험성향은 드롭다운입니다.
B5: 1-1. 조건을 다 넣으셨으면 「조회」 칸에서 ▶ 조회 실행 을 고릅니다. … 조건 입력 중 로 두면 표가 비워져 조건만 차분히 채울 수 있습니다. 매크로 없는 .xlsx 에는 누르는 단추를 넣을 수 없어 드롭다운으로 만들었습니다 — .xlsm 으로 만들면 회사 PC 에서 매크로가 막혀 열자마자 「사용 안 함」이 뜹니다.
B6: 1-2. 「목표 연수익률」은 고객이 바라는 수익률이고, 배분표의 「기대수익률 (가정)」은 그것을 어떻게 벌 작정인지에 대한 자산군별 가정입니다. 둘은 다른 것이며, 3 번 섹션이 둘을 견주어 줍니다.
B7: 2. 나머지 칸은 수식입니다. 손으로 덮어쓰면 다음에 값이 안 따라옵니다.
B8: 3. 「배분규칙」 시트는 proposal_lib.py 가 셈한 것입니다. 고치지 마십시오 — 고치면 화면(proposal.html)과 어긋납니다.
B9: 4. 「기대수익률 (가정)」 칸은 비워 두었습니다. 사람이 넣는 가정이며 기본값을 두지 않았습니다 — 넣으실 때 근거를 함께 적어 두십시오.
B10: 5. 자료를 새로 받으면 python3 scripts/build_proposal_universe.py 를 돌린 뒤 이 파일을 다시 만듭니다.
B12: 셀 색 규칙 (기존 고객제안서와 같습니다)
B13: 파란 글씨 + 옅은 칠 = 사람이 넣는 칸
B14: 검은 글씨 = 수식
B15: 회색 글씨 = 원천에서 받아 적은 값
B17: 숨은 H·I 열은 셈에 쓰는 도우미 칸입니다 — 합계용 숫자(표시 칸에 「—」라는 글자가 들어가면 합계가 깨집니다), 성향 번호, 조회 키, 목표 역산. 지우지 마십시오.
